CID,CSRankingPL,Average Count,Faculty,R Rankings:5thPercentile,R Rankings:95thPercentile,S Rankings:5thPercentile,S Rankings:95thPercentile,Research Activity:5thPercentile,Research Activity:95thPercentile,Student Support& Outcomes:5thPercentile,Student Support& Outcomes:95thPercentile,Diversity:5thPercentile,Diversity:95thPercentile,"Average Number of Publications (2000-2006) per Allocated Faculty, 2006","Percent of Faculty with Grants,2006","Awards per Allocated Faculty Member, 2006","Percent of First Year Students with Full Financial Support,Fall 2005",Avg. Completion Percentage: 8 Years or Less for Humanities; 6 Years or Less for Other Fields,"Median Time to Degree (Full- and Part-Time Graduates),2006",Percent with Academic Plans,"Non-Asian Minority Faculty as a Percent of Total Core and New Domestic Faculty, 2006","Female Faculty as a Percent of Total Core and New Faculty, 2006","Non-Asian Minority Students as a Percent of Total Domestic Students, Fall 2005","Female Students as a Percent of Total Students, Fall 2005","International Students as a Percent of Total Students,Fall 2005","Average Number of  Ph.D.s Graduated, 2002-2006","Percent of Interdisciplinary Faculty, 2006","Average GRE Scores,2004-2006","Percent of First Year Students with External Fellowships, 2005",Number of Student Activities(Max=18),"Total Faculty, 2006","Number of Allocated Faculty, 2006","Assistant Professors as a Percent of Total Faculty, 2006","Tenured Faculty as a Percent of Total Faculty, 2006","Number of Core and New Faculty, 2006","Number of Students Enrolled, Fall 2005","Average Annual First Year Enrollment, 2002-2006","Percent of Students with Research Assistantships, Fall 2005","Percent of Students with Teaching Assistantships, Fall 2005",Percent of First Year Students with Institutional Fellowships Alone,Percent  of First Year Students with a Combination of Fellowships and Traineeships,Percent of First Year Students with Both Internal Fellowships and Internal Assistantships,Percent of First Year Students with Multiple Internal Assistantships,Count of Student Activities,Regional Code 1=NE 2=MW 3=SA 4=SC 5=W,Program Size Quartile,Collects Data About Post-Graduation Employment (1=Yes; 0=No),Is Student Work Space Provided? (1=Yes; 0=No),Is Health Insurance Provided? (1=Yes; 0=No),Orientation for New Graduate Students,International Student Orientation,Language Screening / Support Prior to Teaching,Instruction in Writing,Instruction in Statistics,Prizes / Awards for Teaching or Research,Assistance / Training in Proposal Writing,On-campus Graduate Research Conferences,Formal Training in Academic Integrity,Active Graduate Student Association,Staff Assigned to the Graduate Student Association,Financial Support for the Graduate Student Association,Posted Academic Grievance Procedure,Dispute Resolution Procedure,Regular Graduate Programs Directors / Coordinators Meetings,Annual Review of All Enrolled Doctoral Students,Organized Training to Help Students Improve Teaching Skills,Travel Support to Attend Professional Meetings
1,1,1,1,0.033898305,0.08,0.029850746,0.090909091,0.074074074,0.377192982,0.059405941,0.324074074,0.467213115,0.787037037,0.33827983,0.866599081,0.132450671,0.925832849,0.559305009,0.696969697,0.637532134,0.096333853,0.340601648,0.097441559,0.381789137,0.542875651,1,0.338146645,0.833946279,0.910834535,0.875,1,1,0.233333333,0.253968254,1,1,1,0.43486169,0.004433497,0.037815126,0.991243433,0,0,0.875,1,4,1,1,0,3,1,1,2,1,3,3,2,4,3,1,3,3,3,3,2,3,3
6,2,0.693251534,0.423076923,0.220338983,0.32,0.208955224,0.565656566,0.172839506,0.596491228,0.227722772,0.666666667,0.491803279,0.824074074,0.27195639,0.774623761,0.04504997,1,0.205986154,0.681818182,0.56940874,0.224128965,0.197189507,0.112945807,0.468346941,0.484282187,0.424581006,0.379618274,0.922518533,0.103697378,1,0.430232558,0.382772263,0.133333333,0.650793651,0.413043478,0.319892473,0.260233918,0.635622096,0.446979866,0.077731092,0.064798599,0.332833583,0,1,5,4,1,1,1,3,3,1,1,3,3,3,3,3,3,2,3,1,1,1,2,3,3
2,3,0.552147239,0.423076923,0.033898305,0.03,0.029850746,0.070707071,0.024691358,0.078947368,0.04950495,0.324074074,0.62295082,0.861111111,0.443670503,0.888063484,0.47556163,1,0.649287363,0.636363636,0.520565553,0.188377535,0.303326742,0.292708683,0.334398296,0.414688699,0.815642458,0,0.458823529,0.184210895,0.875,0.337209302,0.353349408,0.1,0.53968254,0.442028986,0.64516129,0.383040936,0.706585501,0.187769784,0.276260504,0.23117338,0,0,0.875,1,4,1,1,1,3,1,3,1,4,3,3,2,3,3,1,3,3,3,3,2,3,2
5,4,0.472392638,0.692307692,0.033898305,0.16,0.104477612,0.424242424,0.098765432,0.473684211,0.217821782,0.648148148,0.467213115,0.777777778,0.454875833,0.650591669,0.063261297,0.950548309,0.356142256,0.657575758,0.479434447,0.333333333,0.218749453,0.129746076,0.197166016,0.802207338,0.82122905,0.4499525,0.458823529,0.111999328,1,0.593023256,0.478541488,0.6,0.587301587,0.536231884,0.784946237,0.850877193,0.703670797,0.339209726,0.210084034,0.140105079,0,0,1,2,4,1,1,1,2,1,3,1,1,3,2,2,2,2,2,2,3,3,3,2,3,3
14,5,0.398773006,0.346153846,0.101694915,0.23,0.089552239,0.424242424,0.061728395,0.438596491,0.158415842,0.583333333,0.352459016,0.666666667,0.370684434,1,0.041171948,1,0.298588299,0.696969697,0.557840617,0,0.262499344,0.369221908,0.257809727,0.747524995,0.569832402,0.381345539,0.831269857,0,0.75,0.348837209,0.333659074,0.433333333,0.682539683,0.333333333,0.494623656,0.467836257,0.576223777,0.577033493,0.06197479,0,0.176911544,0,0.75,3,4,1,1,1,3,3,3,1,4,3,4,1,1,3,1,3,1,3,3,2,1,3
19,6,0.380368098,0.307692308,0.237288136,0.41,0.149253731,0.525252525,0.172839506,0.605263158,0.059405941,0.37037037,0.270491803,0.518518519,0.354936402,0.613326109,0.04576749,1,0.288299172,0.606060606,0.790488432,0.342173687,0.262499344,0.4500072,0.165365046,0.873023051,0.245810056,0.3939373,0.458823529,0.17499895,1,0.23255814,0.205281777,0.666666667,0.634920635,0.217391304,0.231182796,0.33625731,0.584615385,0.486,0.218487395,0.073555166,0,0,1,2,4,1,1,1,3,3,3,1,1,3,1,1,1,3,3,3,3,3,3,3,3,3
8,7,0.337423313,0.384615385,0.118644068,0.25,0.089552239,0.363636364,0.074074074,0.377192982,0.089108911,0.462962963,0.647540984,0.87962963,0.453664446,0.810316198,0.080071752,0.937069037,0.329930772,0.606060606,0.700514139,0.265340614,0.148312129,0.290932655,0.24627263,0.578601286,0.318435754,0.267605147,0.941965919,0.151353092,1,0.313953488,0.332195171,0.5,0.666666667,0.333333333,0.397849462,0.359649123,0.629585798,0.193846154,0.425420168,0,0,0.142857143,1,5,4,1,1,1,3,1,3,1,1,3,3,1,1,3,1,3,3,3,3,3,3,3
11,8,0.325153374,0.307692308,0.084745763,0.2,0.28358209,0.636363636,0.061728395,0.359649123,1,1,1,1,0.449121744,0.821520337,0.09365337,0,0.231790417,1,0.553984576,0,0.159092102,0,0.083392498,0,0.368715084,0.558044736,0.79108501,0.053843677,1,0.279069767,0.214334135,0.533333333,0.80952381,0.217391304,0.432795699,0.304093567,0.627553238,0.640677965,0.444327731,0,0,0,1,4,4,1,1,1,3,1,1,1,2,3,1,3,3,3,1,1,1,3,1,2,3,3
13,9,0.306748466,0.423076923,0.13559322,0.34,0.119402985,0.484848485,0.086419753,0.49122807,0.108910891,0.537037037,0.532786885,0.833333333,0.327983041,0.917306112,0.055368583,1,0.157553957,0.606060606,0.749357326,0,0.203489491,0.173474776,0.398059401,0.541494537,0.407821229,0.37013559,0.922980649,0,0.75,0.226744186,0.253124356,0.266666667,0.650793651,0.217391304,0.317204301,0.342105263,0.749920424,0.136551724,0,0,0.047976012,0.682539683,0.75,1,4,1,1,1,3,3,1,4,4,3,3,2,3,3,3,3,1,3,3,2,3,3
3,10,0.294478528,0.307692308,0,0,0,0,0,0,0.425742574,0.787037037,0.950819672,0.990740741,1,0.837321494,0.812214914,0.870191908,0.624664042,0.393939394,0.473007712,0.46424857,0.125002187,0.167426679,0.08084842,0.456574348,0.670391061,0.115156749,1,0.306248163,0.375,0.162790698,0.127885657,0.466666667,0.666666667,0.202898551,0.362903226,0.347953216,0.463660477,0.206896552,0.426470588,0.273204904,0,0.828042328,0.375,5,4,0,1,1,2,1,1,4,4,3,4,2,4,2,4,1,1,1,3,2,3,3
17,11,0.282208589,0.115384615,0.06779661,0.27,0.104477612,0.373737374,0.12345679,0.447368421,0.643564356,0.87037037,0.827868852,0.944444444,0.412477286,0.604009718,0.123772102,0.851644928,0.386819601,0.393939394,0.502570694,0.382345294,0.154419614,0.392742284,0.178706662,0.443863209,0.659217877,0.323862164,0.947299509,0.3499979,0.625,0.180232558,0.200529053,0.3,0.698412698,0.18115942,0.403225806,0.394736842,0.334905296,0.153768845,0.337184874,0.437828371,0.428785607,0,0.625,5,4,0,1,1,3,1,1,1,1,3,4,3,4,1,4,1,1,1,3,3,3,3
18,11,0.282208589,0.269230769,1,0.97,0.820895522,1,0.24691358,0.728070175,0.762376238,0.962962963,0.459016393,0.759259259,0.122047244,0.895509605,0,1,0.166485679,0.448484848,0,0,0.32812418,0.266692267,0.106052538,0.822227383,0.061452514,0.1919164,0.950495812,0,0.875,0.005813953,0.028319861,0,0.634920635,0.014492754,0.045698925,0.070175439,0.501098902,0.45,0,0,0,0.611111111,0.875,1,2,1,1,1,3,1,1,2,1,3,1,1,4,3,1,3,1,3,1,2,3,3
7,13,0.27607362,0.5,0.084745763,0.26,0.208955224,0.575757576,0.209876543,0.657894737,0.267326733,0.703703704,0.262295082,0.518518519,0.233192005,0.78210484,0.034987614,0.861531112,0.21167368,0.742424242,0.627249357,0.400026001,0.323084192,0.410262564,0.334398296,0.661443692,0.56424581,0.268693324,0.933224223,0.062215627,1,0.424418605,0.452391702,0.666666667,0.492063492,0.449275362,0.577956989,0.505847953,0.733165195,0.324590164,0,0,0,0,1,3,4,1,1,0,3,3,1,1,1,3,3,3,1,3,1,3,1,1,3,2,1,2
26,14,0.263803681,0.192307692,0.474576271,0.55,0.208955224,0.565656566,0.160493827,0.578947368,0.277227723,0.666666667,0.278688525,0.555555556,0.335857056,0.750187901,0.010814043,0.799015535,0.50234831,0.065151515,0.690231362,0.361154446,0.184204539,0.63999424,0.39314874,0.572111271,0.217877095,0.300388635,0.434235102,0.087499475,1,0.168604651,0.129746394,0.466666667,0.777777778,0.173913043,0.271505376,0.368421053,0.458338461,0.3168,0,0.11033275,0.094452774,0,1,5,4,0,0,1,3,3,1,1,1,3,1,1,1,3,1,3,3,3,3,3,3,3
4,15,0.239263804,0.346153846,0,0,0,0,0,0,0.277227723,0.675925926,0.901639344,0.981481481,0.604482132,0.782227194,1,0.925832849,0.278281526,0.696969697,0.520565553,0.302392096,0.122097195,0.410262564,0.097207431,0.444963211,0.631284916,0.50968132,0.796880716,0.0499937,1,0.255813953,0.221644037,0.066666667,1,0.210144928,0.475806452,0.406432749,0.759730592,0,0.713235294,0,0.214392804,0,1,5,4,1,1,1,3,1,3,3,1,3,1,3,1,3,1,3,3,3,1,3,3,3
23,16,0.226993865,0.307692308,0.050847458,0.12,0.029850746,0.070707071,0.024691358,0.070175439,0.079207921,0.388888889,0.532786885,0.824074074,0.377952756,0.647288109,0.638780217,1,0.510356997,0.484848485,0.542416452,0,0.250004375,0.35122162,0.306235948,0.538365641,0.279329609,0.261715174,0.931799365,0.329404024,0.625,0.093023256,0.112058854,0.3,0.825396825,0.101449275,0.11827957,0.143274854,0.431501831,0.214285714,0.803571429,0,0,0,0.625,1,3,1,1,1,3,1,3,4,4,3,2,1,4,3,3,3,1,1,3,3,1,3
21,17,0.202453988,0.269230769,0.13559322,0.24,0.044776119,0.161616162,0.061728395,0.333333333,0.089108911,0.416666667,0.745901639,0.916666667,0.525741975,0.699987765,0.112086786,1,0.403094883,0.818181818,0.674807198,0.361154446,0.13999965,0.26184419,0.176280914,0.60057689,0.324022346,0.418723551,1,0.6999958,0.875,0.284883721,0.198010021,0.4,0.507936508,0.260869565,0.204301075,0.195906433,0,0.016666666,0.525210084,0.875656743,0,0,0.875,1,3,1,1,1,3,1,1,3,4,3,3,3,2,3,3,1,1,1,3,3,1,3
34,18,0.190184049,0.307692308,0.559322034,0.6,1,0.96969697,1,1,0.267326733,0.657407407,0.196721311,0.444444444,0.084797093,0,0.050773042,0.370628063,0.296226415,0.515151515,0.857326478,0.928627145,0.291671771,0.097969568,0.379600047,0.783262852,0.134078212,0.767665602,0.321016655,0.042419745,0.75,0.215116279,0.133008617,0.466666667,0.746031746,0.115942029,0.279569892,0.277777778,0.276068376,0.525,0,0,0,0,0.75,2,4,1,0,1,3,1,1,1,1,3,1,4,4,3,1,3,1,3,2,3,3,3
37,19,0.18404908,0.230769231,0.542372881,0.56,0.656716418,0.828282828,0.444444444,0.807017544,0.069306931,0.314814815,0.754098361,0.935185185,0.133555421,0.607260841,0.008353976,0.792307053,0.321623456,0.757575758,0.93059126,0.722308892,0.131249672,0,0.226837061,0.587144638,0.122905028,0,0.545720612,0,0.875,0.13372093,0.188162947,0.9,0.444444444,0.188405797,0.188172043,0.114035088,0.637762237,0.212727272,0,0,0.47976012,0,0.875,5,3,1,0,1,3,2,1,1,1,3,3,2,1,3,1,-1,3,3,3,2,3,3
25,19,0.18404908,0.192307692,0.355932203,0.49,0.507462687,0.737373737,0.148148148,0.51754386,0.851485149,0.916666667,0.245901639,0.601851852,0.400666263,0.574889444,0.084684377,0.307697101,0,0.606060606,0.667095116,0,0.189192027,0,0.321973731,0.97951551,0.206703911,0,0.96266487,0,1,0.093023256,0.151863569,0.6,0.73015873,0.137681159,0.27688172,0.364766082,0.619517795,0.483582088,0.349789916,0,0,0,1,2,4,1,0,1,3,1,1,1,1,3,1,1,1,3,1,1,1,1,3,3,1,3
15,21,0.134969325,0.384615385,0.152542373,0.25,0.134328358,0.494949495,0.061728395,0.359649123,0.455445545,0.787037037,0.696721311,0.907407407,0.350999394,0.768541015,0.19383275,0.901096619,0.171996742,0.703030303,0.449871465,0.419396776,0.243056892,0.272740364,0.242190273,0.460314356,0.301675978,0.458260644,0.864349668,0.073681558,0.875,0.186046512,0.185297777,0.466666667,-1,0.15942029,0.306451613,0.383040936,0.621409359,0.276923077,0,0.092819615,0,0.277777778,0.875,2,4,1,1,1,3,1,3,3,4,3,1,1,3,3,1,1,3,3,3,2,3,3
39,22,0.128834356,0.269230769,0.610169492,0.7,0.402985075,0.656565657,0.271604938,0.605263158,0.356435644,0.833333333,0.278688525,0.648148148,0.366444579,0.263777945,0.157358845,1,0.176829103,0.56969697,0.771208226,0,0.166669583,0,0.507809727,0.737551639,0.05027933,0.150202954,0.60063541,0.155553067,0.625,0.034883721,0.0380906,0.366666667,0.80952381,0.050724638,0.048387097,0,0.467692308,0.719999999,0,0.194395797,0,0,0.625,2,2,0,1,1,3,1,1,1,1,1,1,3,-1,3,-1,1,1,-1,2,2,1,2
53,22,0.128834356,0.076923077,0.254237288,0.87,0.402985075,0.666666667,0.666666667,0.929824561,0,0,0.016393443,0.185185185,0.038158692,0.528307493,0,1,1,0,0.570694087,0,1,0.24000384,1,0,0,0.304810433,0.6035814,0.17499895,1,0,0,0.2,0.317460317,0,0,0.014619883,0.389743589,0.507692307,0,0,0.187406297,0,1,1,1,1,1,1,3,1,1,1,1,1,3,1,1,3,1,3,1,1,3,2,1,3
9,24,0.110429448,0.346153846,0.06779661,0.15,0.059701493,0.252525253,0.049382716,0.298245614,0.02970297,0.222222222,0.606557377,0.898148148,0.231677771,0.708692384,0.432083369,1,0.684674902,0.606060606,0.607969152,0,0.218749453,0,0.168559934,0.789153976,0.284916201,0.10159772,1,0,0.875,0.197674419,0.185880508,0.7,0.53968254,0.246376812,0.247311828,0.233918129,0.655477856,0.272727273,0.429621849,0,0.682158921,0,0.875,1,4,1,1,1,3,1,1,1,1,3,3,2,4,3,1,1,1,1,3,2,1,3
29,25,0.104294479,0.076923077,0.338983051,0.45,0.432835821,0.666666667,0.209876543,0.535087719,0.237623762,0.666666667,0.336065574,0.685185185,0.353422168,0.442729545,0.131357308,1,0.135577576,0.909090909,0.670951157,0.722308892,0.201914495,0,0.587948172,0.471424381,0.111731844,0.178685551,0.390006739,0.0666676,1,0.069767442,0.074269207,0.6,0.619047619,0.086956522,0.080645161,0.087719298,0,0.583098591,1,-1,-1,-1,1,1,3,1,1,1,3,1,1,1,1,1,1,1,1,3,3,3,1,1,1,3,1,3
36,26,0.098159509,0.230769231,0.355932203,0.42,0.089552239,0.373737374,0.061728395,0.394736842,0.188118812,0.675925926,0.62295082,0.87037037,0.329497274,0.913478177,0.135389083,1,0.365467626,0.606060606,0.857326478,0,0.194442014,0.711131378,0,0.708536019,0.055865922,0.172726488,1,0.17499895,0.625,0.075581395,0.073873784,0.566666667,0,0.094202899,0.077956989,0.032163743,0.93199554,0,0.919117647,0,0,0,0.625,4,2,0,1,1,3,1,4,1,1,4,2,2,3,3,4,3,1,1,1,2,1,3
50,27,0.079754601,0.153846154,0.610169492,0.68,0.52238806,0.737373737,0.518518519,0.842105263,0.237623762,0.648148148,0.139344262,0.324074074,0.056632344,0.579468983,0.045528316,0.653838166,0.245825981,0.303030303,0.673521851,0.722308892,0.159092102,0.423558777,0.433913146,0.811007358,0.145251397,0.996493652,0.614903244,0,0.75,0.505813953,0.296404358,0.4,0.682539683,0.217391304,0.180107527,0.32748538,0.558041958,0.593181819,0,0,0,0.097883598,0.75,3,3,1,0,1,3,1,1,1,1,3,4,1,4,3,3,3,1,1,3,3,1,3
22,27,0.079754601,0.307692308,0.06779661,0.15,0.029850746,0.141414141,0.024691358,0.140350877,0.059405941,0.314814815,0.401639344,0.722222222,0.771653543,0.714687735,0.1396942,1,0.502606217,0.303030303,0.562982005,0.520020801,0.241376897,0,0.263193705,0.792185094,0.268156425,0.254011573,0.864869548,0.2000028,1,0.098837209,0.112745103,0.5,0.825396825,0.108695652,0.182795699,0.19005848,0.519658119,0.183333333,0.050420168,0,0.928035982,0,1,5,3,1,1,1,3,1,3,3,1,3,1,3,1,3,1,1,1,1,3,2,3,1
30,27,0.079754601,0.038461538,0.813559322,0.86,0.373134328,0.727272727,0.259259259,0.798245614,0.128712871,0.62962963,0.336065574,0.657407407,0,0.952753841,0.054360639,1,0.225953577,0.303030303,0.551413882,1,0,0.92310277,0.35904035,0.458334352,0.055865922,0.675878746,0.75128526,0,0.625,0.034883721,0.031726165,0.666666667,0.603174603,0,0.021505376,0.035087719,0,0.4125,0.933823529,0,0,0,0.625,2,2,1,1,1,3,3,1,1,4,3,3,1,1,3,1,3,-1,-1,3,3,3,3
45,30,0.073619632,0.038461538,0.372881356,0.45,0.208955224,0.565656566,0.197530864,0.631578947,0.03960396,0.314814815,0.663934426,0.916666667,0.249848577,0.753246753,0.054941488,1,0.440885028,0.242424242,0.609254499,0,0.333339167,0,0.044610105,0.798186218,0.078212291,0.332170308,1,0,1,0.052325581,0.028930531,0.066666667,0.73015873,0.050724638,0.024193548,0.00877193,0,0,0.525210084,0,0.749625187,0,1,1,2,1,1,1,3,1,1,3,1,1,1,1,1,1,1,1,1,1,1,3,1,1
40,31,0.067484663,0.115384615,0.355932203,0.45,0.417910448,0.676767677,0.333333333,0.666666667,0.257425743,0.666666667,0.155737705,0.342592593,0.264082374,0.591424726,0.024651918,0.948076763,0.1836297,0.515151515,0.538560411,0.245319813,0.452583869,0.2250276,0.451070879,0.71153047,0.335195531,0.275360567,0.75554058,0.10499937,0.75,0.302325581,0.328611198,0.633333333,0.761904762,0.31884058,0.465053763,0.476608187,0.444637053,0.304225353,0.262605042,0,0.037481259,0,0.75,5,4,1,1,1,2,1,3,1,4,3,1,4,2,1,1,3,3,3,3,3,3,3
16,31,0.067484663,0.230769231,0.118644068,0.28,0.149253731,0.494949495,0.098765432,0.5,0.108910891,0.472222222,0.196721311,0.453703704,0.443064809,0.765464683,0.017989237,1,0.274765848,0.272727273,0.595115681,0.300182007,0.278984303,0.3000048,0.311649509,0.874575277,0.586592179,0.024682615,0.864272649,0,0.75,0.308139535,0.398615388,0.9,0.206349206,0.398550725,0.521505376,0.684210526,0.745518702,0.322018349,0.170168067,0,0,1,0.75,5,4,1,0,1,3,3,1,1,4,1,4,3,3,3,3,3,3,3,3,3,1,1
56,33,0.061349693,0.115384615,0.694915254,0.76,0.925373134,0.97979798,0.530864198,0.824561404,0.712871287,0.898148148,0.303278689,0.62037037,0.109024833,0.450560207,0.061723755,0.350959541,0.139989141,0.454545455,0.570694087,0.393915757,0.213411966,0.114289829,0.325079872,0.818022929,0.167597765,0.391087313,0.397593145,0,0.875,0.209302326,0.177614511,0.733333333,0.650793651,0.195652174,0.233870968,0.184210526,0.545641026,0.548571429,0.12394958,0,0.352323838,0.156084656,0.875,3,4,1,1,1,3,3,3,1,1,3,3,3,3,1,1,3,1,3,3,4,3,3
46,33,0.061349693,0.153846154,0.576271186,0.63,0.52238806,0.727272727,0.24691358,0.649122807,0.237623762,0.703703704,0.172131148,0.37962963,0.190187765,0.570642009,0.150337405,0.755649248,0.095384824,0.454545455,0.719794344,0.565262611,0.2799993,0.137138194,0.498757543,0.733334963,0.083798883,0,0.779301049,0,0.625,0.046511628,0.096333326,0.733333333,0.587301587,0.079710145,0.134408602,0.213450292,0.74051282,0.32,0,0,0.130434783,0,0.625,3,3,1,1,1,3,3,1,1,4,3,2,1,4,2,4,2,1,1,3,2,1,3
42,35,0.055214724,0.153846154,0.779661017,0.82,0.746268657,0.95959596,0.320987654,0.728070175,0.366336634,0.759259259,0.450819672,0.740740741,0.038461538,0.87012987,0.045203724,0.480767633,0.46896973,0.399878788,0.471722365,0.684217369,0.325586686,0.342869486,0.430718258,0.326871837,0.195530726,0.179929182,0.251198614,0,0.625,0.180232558,0.212017277,0.633333333,0.428571429,0.210144928,0.123655914,0.160818713,0.562962962,0.133333333,0.066176471,0,0.562218891,0,0.625,5,3,1,0,1,3,1,1,4,4,3,3,2,4,3,1,1,3,1,3,3,3,3
49,36,0.042944785,0.192307692,0.576271186,0.69,0.447761194,0.676767677,0.530864198,0.780701754,0.00990099,0.305555556,0.581967213,0.87037037,0.245003028,0.387547849,0.012231998,0.826929467,0.40996335,0.454545455,1,0,0,0.685738972,0.103508461,0.745263878,0.027932961,0.454547025,0.694194666,0,0.875,0.011627907,0.012128072,0.5,-1,0,0.002688172,0.052631579,0.722171946,0.476470587,0.095588235,0,0,0,0.875,5,2,1,1,1,3,1,1,1,4,3,3,1,3,3,1,3,3,3,3,2,3,3
20,36,0.042944785,0.076923077,0.152542373,0.33,0.044776119,0.262626263,0.024691358,0.157894737,0.148514851,0.638888889,0.868852459,0.981481481,0.427922471,0.885109507,0.349978645,1,0.351350618,0.606060606,0.502570694,0,0.218749453,0,0.235800497,0.468515486,0.094972067,0.310026773,0.878771541,0.2333366,0.75,0.127906977,0.075458443,0.133333333,-1,0.130434783,0.053763441,0.038011696,0.239842209,0,0.175420168,0.292469352,1,0,0.75,1,2,1,0,1,3,1,3,1,4,3,3,1,4,3,3,3,1,1,1,3,3,3
24,36,0.042944785,0.076923077,0.254237288,0.43,0.164179104,0.494949495,0.074074074,0.342105263,0.217821782,0.657407407,0.639344262,0.87962963,0.235614779,0.579713691,0.367677458,1,0.26206054,0.403030303,0.440874036,0,0.16406209,0.177794845,0.175659685,0.745263878,0.217877095,0.052336126,0.915471262,0.13999916,0.875,0.093023256,0.129156879,0.3,0.873015873,0.130434783,0.112903226,0.108187135,0.577571826,0.563855421,0,0,0,0,0.875,1,3,1,1,1,3,1,3,1,4,3,3,3,1,3,3,3,3,3,3,3,3,3
28,39,0.036809816,0.115384615,0.305084746,0.44,0.388059701,0.686868687,0.172839506,0.578947368,0.297029703,0.759259259,0.532786885,0.851851852,0.321926105,0.719861565,0.044725378,0.515390047,0.468413194,0.696969697,0.575835476,0,0.142852143,0.189459031,0.293485978,0.689127087,0.502793296,0,0.559314528,0.09333744,0.75,0.186046512,0.228530722,0.6,0.603174603,0.253623188,0.397849462,0.409356725,0.378764897,0.24084507,0.034663866,0,0.1994003,0.441798942,0.75,2,4,1,0,1,3,1,3,3,4,3,4,2,3,3,2,3,3,3,3,3,3,2
27,39,0.036809816,0.153846154,0.86440678,0.85,0.880597015,0.939393939,0.530864198,0.842105263,0.306930693,0.75,0.12295082,0.314814815,0.127195639,0.491164287,0.024805672,0.925832849,0.062793539,0.808090909,0.658097686,0.634165367,0.111702221,0.165506648,0.52124009,0.900584224,0.229050279,0,0.187696159,0.1333352,0.875,0.174418605,0.220375844,0.233333333,0.888888889,0.239130435,0.25,0.143274854,0.351904406,0.646601941,0.050420168,0,0,0,0.875,1,4,1,0,1,3,1,1,4,1,3,1,2,1,3,2,3,1,1,1,2,1,3
12,39,0.036809816,0.115384615,0.423728814,0.57,0.119402985,0.373737374,0.074074074,0.359649123,0.415841584,0.824074074,0.204918033,0.425925926,0.465778316,0.58513223,0.199538738,1,0.376774807,0.454545455,0.584832905,0,0.184204539,0.857149714,0.322802035,0.718961598,0.251396648,0,0.77273515,0.311106133,0.375,0.110465116,0.179995226,0.533333333,0.53968254,0.15942029,0.166666667,0.195906433,0.687782805,0.247058823,0.233193277,0,0,0,0.375,1,3,0,1,1,3,1,1,4,4,3,2,4,4,3,3,3,3,3,4,2,3,2
38,42,0.030674847,0,0.762711864,0.81,0.656716418,0.828282828,0.407407407,0.745614035,0.079207921,0.5,0.540983607,0.824074074,0.340399758,0.347031165,0.024942342,1,0.205280304,0.454545455,0.733933162,0.812532501,0.102934743,0.411414583,0.159951485,0.673788164,0.12849162,0.392555488,0.352748628,0,0,0.029069767,0.041449279,1,0.507936508,0.02173913,0.102150538,0.14619883,0.629585798,0.276923077,-1,-1,-1,-1,0,3,3,1,1,1,2,2,1,-1,-1,3,-1,-1,-1,3,-1,-1,1,1,3,2,-1,2
10,42,0.030674847,0.346153846,0.118644068,0.25,0.164179104,0.474747475,0.111111111,0.447368421,0.653465347,0.861111111,0.385245902,0.685185185,0.499697153,0.686021919,0.03334757,0.516989283,0.267463011,0.696969697,0.475578406,0,0.12804718,0.446503144,0.430718258,0.589796866,0.446927374,0.63775801,1,0.036847779,1,0.279069767,0.1964456,0.266666667,0.888888889,0.195652174,0.35483871,0.473684211,0.584615385,0.244444444,0.691176471,0,0,0,1,2,4,1,1,1,3,3,3,1,1,3,3,3,3,3,3,3,1,1,3,2,3,3
31,42,0.030674847,0.192307692,0.288135593,0.49,0.194029851,0.515151515,0.135802469,0.526315789,0.475247525,0.805555556,0.016393443,0.064814815,0.417928528,0.580185629,0.062697531,0.505483094,0.425383467,0.121212121,0.354755784,0,0.208336979,1,0.425423027,1,0.312849162,0.902893169,0.80123231,0.027453835,1,0.412790698,0.205640408,0.4,0.682539683,0.202898551,0.27688172,0.476608187,0.381789639,0.385714285,0.040966387,0,0.263868066,0.518518519,1,1,4,1,0,1,2,1,1,1,1,3,3,1,1,3,1,1,1,3,3,3,1,3
32,45,0.012269939,0.038461538,0.474576271,0.58,0.537313433,0.737373737,0.592592593,0.859649123,0.138613861,0.527777778,0.081967213,0.175925926,0.033010297,0.597087973,0.039412317,1,0.430378716,0.606060606,0.485861183,0.838793552,0.262499344,0.744827917,0.402112176,0.780451734,0.25698324,0.863632438,0.51092712,0.077783533,0.875,0.36627907,0.230706353,-1,-1,0.188405797,0.338709677,0.321637427,0.403763143,0.517985611,0.116596639,0,0,0,0.875,4,4,1,0,1,3,3,1,2,4,3,3,1,1,3,1,3,3,3,1,2,1,3
52,46,0.006134969,0.038461538,0.525423729,0.59,0.223880597,0.626262626,0.160493827,0.570175439,0.128712871,0.583333333,0,0,0.30466384,0.717799025,0.041137781,1,0.090213113,0.696969697,0.781491003,0.722308892,0.250004375,0.872749964,0.507809727,0.990417756,0.027932961,0.476483289,0.280812554,0,1,0.069767442,0.075120065,0.933333333,0.619047619,0.050724638,0.048387097,0.070175439,0.021652422,1,0.087184874,0,0,0,1,1,2,1,1,1,3,1,3,1,3,3,1,3,3,3,1,3,1,1,3,3,3,3
48,46,0.006134969,0,0.406779661,0.58,0.28358209,0.636363636,0.197530864,0.675438596,0.207920792,0.592592593,0.180327869,0.37962963,0.27195639,0.720473336,0,0.785141647,0.38762047,0.303030303,0.514138817,0.44825793,0.184204539,0.411414583,0.338362324,0.861301914,0.290502793,0.387753692,0.752844902,0.17499895,1,0.186046512,0.182671442,-1,-1,0.173913043,0.293010753,0.368421053,0.608,0.3888,0,0.218914186,0,0.111111111,1,5,4,1,0,1,3,1,3,1,1,3,1,3,3,3,3,3,1,3,3,3,1,3
55,46,0.006134969,0.038461538,0.949152542,1,0.71641791,0.868686869,0.444444444,0.780701754,0.316831683,0.722222222,0.37704918,0.657407407,0.106299213,0.45629337,0.134039464,0.877835009,0.181389982,0.303030303,0.505141388,0,0.159092102,0.564729036,0.290586913,0.694101542,0.162011173,1,0,0,0.375,0.23255814,0.1062966,0.4,0.761904762,0.057971014,0.110215054,0.17251462,0.41081081,0.802702702,0,0,0,0,0.375,1,3,1,1,0,3,1,1,1,4,2,4,1,4,1,4,1,1,1,4,3,1,2
51,46,0.006134969,0.038461538,0.627118644,0.72,0.298507463,0.646464646,0.222222222,0.710526316,0.574257426,0.87037037,0.557377049,0.833333333,0.157480315,0.892241003,0.014128299,0.884605799,0.364829646,0.293939394,0.514138817,0,0.13999965,0.411414583,0.310081647,0.569251265,0.106145251,0.863632438,0.807451622,0,0.75,0.191860465,0.102020278,0.6,0.619047619,0.079710145,0.088709677,0.149122807,1,0,-1,-1,-1,-1,0.75,2,3,0,1,1,2,1,1,1,4,3,2,1,4,3,1,3,1,1,2,2,3,2
41,50,0,0,0.830508475,0.92,0.179104478,0.545454545,0.160493827,0.622807018,0.227722772,0.731481481,0.491803279,0.842592593,0.341913992,0.744175071,0,1,0.214347767,0.984848485,0.609254499,0,0.102934743,0,0.280617678,0.822227383,0.067039106,0.181811901,0.663040339,1,0.875,0.011627907,0.030991549,0.333333333,0.746031746,0.02173913,0.040322581,0.090643275,0,0.266666666,0.150210084,1,0,0,0.875,1,2,1,1,1,3,3,3,1,4,3,2,3,2,3,1,2,3,2,3,2,2,2
