CID,CSRankingAI,Average Count,Faculty,R Rankings:5thPercentile,R Rankings:95thPercentile,S Rankings:5thPercentile,S Rankings:95thPercentile,Research Activity:5thPercentile,Research Activity:95thPercentile,Student Support& Outcomes:5thPercentile,Student Support& Outcomes:95thPercentile,Diversity:5thPercentile,Diversity:95thPercentile,"Average Number of Publications (2000-2006) per Allocated Faculty, 2006","Percent of Faculty with Grants,2006","Awards per Allocated Faculty Member, 2006","Percent of First Year Students with Full Financial Support,Fall 2005",Avg. Completion Percentage: 8 Years or Less for Humanities; 6 Years or Less for Other Fields,"Median Time to Degree (Full- and Part-Time Graduates),2006",Percent with Academic Plans,"Non-Asian Minority Faculty as a Percent of Total Core and New Domestic Faculty, 2006","Female Faculty as a Percent of Total Core and New Faculty, 2006","Non-Asian Minority Students as a Percent of Total Domestic Students, Fall 2005","Female Students as a Percent of Total Students, Fall 2005","International Students as a Percent of Total Students,Fall 2005","Average Number of  Ph.D.s Graduated, 2002-2006","Percent of Interdisciplinary Faculty, 2006","Average GRE Scores,2004-2006","Percent of First Year Students with External Fellowships, 2005",Number of Student Activities(Max=18),"Total Faculty, 2006","Number of Allocated Faculty, 2006","Assistant Professors as a Percent of Total Faculty, 2006","Tenured Faculty as a Percent of Total Faculty, 2006","Number of Core and New Faculty, 2006","Number of Students Enrolled, Fall 2005","Average Annual First Year Enrollment, 2002-2006","Percent of Students with Research Assistantships, Fall 2005","Percent of Students with Teaching Assistantships, Fall 2005",Percent of First Year Students with Institutional Fellowships Alone,Percent  of First Year Students with a Combination of Fellowships and Traineeships,Percent of First Year Students with Both Internal Fellowships and Internal Assistantships,Percent of First Year Students with Multiple Internal Assistantships,Count of Student Activities,Regional Code 1=NE 2=MW 3=SA 4=SC 5=W,Program Size Quartile,Collects Data About Post-Graduation Employment (1=Yes; 0=No),Is Student Work Space Provided? (1=Yes; 0=No),Is Health Insurance Provided? (1=Yes; 0=No),Orientation for New Graduate Students,International Student Orientation,Language Screening / Support Prior to Teaching,Instruction in Writing,Instruction in Statistics,Prizes / Awards for Teaching or Research,Assistance / Training in Proposal Writing,On-campus Graduate Research Conferences,Formal Training in Academic Integrity,Active Graduate Student Association,Staff Assigned to the Graduate Student Association,Financial Support for the Graduate Student Association,Posted Academic Grievance Procedure,Dispute Resolution Procedure,Regular Graduate Programs Directors / Coordinators Meetings,Annual Review of All Enrolled Doctoral Students,Organized Training to Help Students Improve Teaching Skills,Travel Support to Attend Professional Meetings
1,1,1,1,0.033898305,0.076923077,0.029411765,0.089108911,0.074074074,0.377192982,0.059405941,0.324074074,0.467213115,0.787037037,0.33827983,0.866599081,0.132450671,0.925832849,0.559305009,0.696969697,0.685082873,0.096333853,0.340601648,0.097441559,0.408943066,0.539893035,1,0.338146645,0.833946279,0.910834535,0.875,1,1,0.233333333,0.253968254,1,1,1,0.43486169,0.004433497,0.037815126,0.991243433,0,0,0.875,1,4,1,1,0,3,1,1,2,1,3,3,2,4,3,1,3,3,3,3,2,3,3
3,2,0.524850895,0.492307692,0,0,0,0,0,0,0.425742574,0.787037037,0.950819672,0.990740741,1,0.837321494,0.812214914,0.870191908,0.624664042,0.393939394,0.508287293,0.46424857,0.125002187,0.167426679,0.121220692,0.454065881,0.670391061,0.115156749,1,0.306248163,0.375,0.167630058,0.127885657,0.466666667,0.666666667,0.202898551,0.362903226,0.347953216,0.463660477,0.206896552,0.426470588,0.273204904,0,0.828042328,0.375,5,4,0,1,1,2,1,1,4,4,3,4,2,4,2,4,1,1,1,3,2,3,3
9,3,0.461232604,0.353846154,0.06779661,0.144230769,0.058823529,0.247524752,0.049382716,0.298245614,0.02970297,0.222222222,0.606557377,0.898148148,0.231677771,0.708692384,0.432083369,1,0.684674902,0.606060606,0.653314917,0,0.218749453,0,0.205079616,0.784818281,0.284916201,0.10159772,1,0,0.875,0.202312139,0.185880508,0.7,0.53968254,0.246376812,0.247311828,0.233918129,0.655477856,0.272727273,0.429621849,0,0.455,0,0.875,1,4,1,1,1,3,1,1,1,1,3,3,2,4,3,1,1,1,1,3,2,1,3
13,4,0.383697813,0.415384615,0.13559322,0.326923077,0.117647059,0.475247525,0.086419753,0.49122807,0.108910891,0.537037037,0.532786885,0.833333333,0.327983041,0.917306112,0.055368583,1,0.157553957,0.606060606,0.805248619,0,0.203489491,0.173474776,0.424498685,0.538519509,0.407821229,0.37013559,0.922980649,0,0.75,0.231213873,0.253124356,0.266666667,0.650793651,0.217391304,0.317204301,0.342105263,0.749920424,0.136551724,0,0,0.032,0.682539683,0.75,1,4,1,1,1,3,3,1,4,4,3,3,2,3,3,3,3,1,3,3,2,3,3
6,5,0.363817097,0.384615385,0.220338983,0.307692308,0.205882353,0.554455446,0.172839506,0.596491228,0.227722772,0.666666667,0.491803279,0.824074074,0.27195639,0.774623761,0.04504997,1,0.205986154,0.681818182,0.611878453,0.224128965,0.197189507,0.112945807,0.491698956,0.48162149,0.424581006,0.379618274,0.922518533,0.103697378,1,0.433526012,0.382772263,0.133333333,0.650793651,0.413043478,0.319892473,0.260233918,0.635622096,0.446979866,0.077731092,0.064798599,0.222,0,1,5,4,1,1,1,3,3,1,1,3,3,3,3,3,3,2,3,1,1,1,2,3,3
5,6,0.333996024,0.292307692,0.033898305,0.153846154,0.102941176,0.415841584,0.098765432,0.473684211,0.217821782,0.648148148,0.467213115,0.777777778,0.454875833,0.650591669,0.063261297,0.950548309,0.356142256,0.657575758,0.51519337,0.333333333,0.218749453,0.129746076,0.232429222,0.797799927,0.82122905,0.4499525,0.458823529,0.111999328,1,0.595375723,0.478541488,0.6,0.587301587,0.536231884,0.784946237,0.850877193,0.703670797,0.339209726,0.210084034,0.140105079,0,0,1,2,4,1,1,1,2,1,3,1,1,3,2,2,2,2,2,2,3,3,3,2,3,3
10,7,0.324055666,0.4,0.118644068,0.240384615,0.161764706,0.465346535,0.111111111,0.447368421,0.653465347,0.861111111,0.385245902,0.685185185,0.499697153,0.686021919,0.03334757,0.516989283,0.267463011,0.696969697,0.511049724,0,0.12804718,0.446503144,0.455723053,0.58655646,0.446927374,0.63775801,1,0.036847779,1,0.283236994,0.1964456,0.266666667,0.888888889,0.195652174,0.35483871,0.473684211,0.584615385,0.244444444,0.691176471,0,0,0,1,2,4,1,1,1,3,3,3,1,1,3,3,3,3,3,3,3,1,1,3,2,3,3
4,8,0.31610338,0.323076923,0,0,0,0,0,0,0.277227723,0.675925926,0.901639344,0.981481481,0.604482132,0.782227194,1,0.925832849,0.278281526,0.696969697,0.559392265,0.302392096,0.122097195,0.410262564,0.136861159,0.442518537,0.631284916,0.50968132,0.796880716,0.0499937,1,0.260115607,0.221644037,0.066666667,1,0.210144928,0.475806452,0.406432749,0.759730592,0,0.713235294,0,0.143,0,1,5,4,1,1,1,3,1,3,3,1,3,1,3,1,3,1,3,3,3,1,3,3,3
2,9,0.308151093,0.476923077,0.033898305,0.028846154,0.029411765,0.069306931,0.024691358,0.078947368,0.04950495,0.324074074,0.62295082,0.861111111,0.443670503,0.888063484,0.47556163,1,0.649287363,0.636363636,0.559392265,0.188377535,0.303326742,0.292708683,0.363633792,0.412410356,0.815642458,0,0.458823529,0.184210895,0.875,0.341040462,0.353349408,0.1,0.53968254,0.442028986,0.64516129,0.383040936,0.706585501,0.187769784,0.276260504,0.23117338,0,0,0.875,1,4,1,1,1,3,1,3,1,4,3,3,2,3,3,1,3,3,3,3,2,3,2
7,10,0.30417495,0.492307692,0.084745763,0.25,0.205882353,0.564356436,0.209876543,0.657894737,0.267326733,0.703703704,0.262295082,0.518518519,0.233192005,0.78210484,0.034987614,0.861531112,0.21167368,0.742424242,0.674033149,0.400026001,0.323084192,0.410262564,0.363633792,0.657809651,0.56424581,0.268693324,0.933224223,0.062215627,1,0.427745665,0.452391702,0.666666667,0.492063492,0.449275362,0.577956989,0.505847953,0.733165195,0.324590164,0,0,0,0,1,3,4,1,1,0,3,3,1,1,1,3,3,3,1,3,1,3,1,1,3,2,1,2
12,11,0.246520875,0.384615385,0.423728814,0.548076923,0.117647059,0.366336634,0.074074074,0.359649123,0.415841584,0.824074074,0.204918033,0.425925926,0.465778316,0.58513223,0.199538738,1,0.376774807,0.454545455,0.628453039,0,0.184204539,0.857149714,0.352546879,0.715011547,0.251396648,0,0.77273515,0.311106133,0.375,0.115606936,0.179995226,0.533333333,0.53968254,0.15942029,0.166666667,0.195906433,0.687782805,0.247058823,0.233193277,0,0,0,0.375,1,3,0,1,1,3,1,1,4,4,3,2,4,4,3,3,3,3,3,4,2,3,2
11,12,0.226640159,0.246153846,0.084745763,0.192307692,0.279411765,0.623762376,0.061728395,0.359649123,1,1,1,1,0.449121744,0.821520337,0.09365337,0,0.231790417,1,0.595303867,0,0.159092102,0,0.123653025,0,0.368715084,0.558044736,0.79108501,0.053843677,1,0.283236994,0.214334135,0.533333333,0.80952381,0.217391304,0.432795699,0.304093567,0.627553238,0.640677965,0.444327731,0,0,0,1,4,4,1,1,1,3,1,1,1,2,3,1,3,3,3,1,1,1,3,1,2,3,3
14,13,0.182902584,0.246153846,0.101694915,0.221153846,0.088235294,0.415841584,0.061728395,0.438596491,0.158415842,0.583333333,0.352459016,0.666666667,0.370684434,1,0.041171948,1,0.298588299,0.696969697,0.599447514,0,0.262499344,0.369221908,0.290409254,0.743418014,0.569832402,0.381345539,0.831269857,0,0.75,0.352601156,0.333659074,0.433333333,0.682539683,0.333333333,0.494623656,0.467836257,0.576223777,0.577033493,0.06197479,0,0.118,0,0.75,3,4,1,1,1,3,3,3,1,4,3,4,1,1,3,1,3,1,3,3,2,1,3
17,13,0.182902584,0.230769231,0.06779661,0.259615385,0.102941176,0.366336634,0.12345679,0.447368421,0.643564356,0.87037037,0.827868852,0.944444444,0.412477286,0.604009718,0.123772102,0.851644928,0.386819601,0.393939394,0.540055249,0.382345294,0.154419614,0.392742284,0.214780666,0.441424578,0.659217877,0.323862164,0.947299509,0.3499979,0.625,0.184971098,0.200529053,0.3,0.698412698,0.18115942,0.403225806,0.394736842,0.334905296,0.153768845,0.337184874,0.437828371,0.286,0,0.625,5,4,0,1,1,3,1,1,1,1,3,4,3,4,1,4,1,1,1,3,3,3,3
16,15,0.166998012,0.276923077,0.118644068,0.269230769,0.147058824,0.485148515,0.098765432,0.5,0.108910891,0.472222222,0.196721311,0.453703704,0.443064809,0.765464683,0.017989237,1,0.274765848,0.272727273,0.639502762,0.300182007,0.278984303,0.3000048,0.34188421,0.869770269,0.586592179,0.024682615,0.864272649,0,0.75,0.312138728,0.398615388,0.9,0.206349206,0.398550725,0.521505376,0.684210526,0.745518702,0.322018349,0.170168067,0,0,1,0.75,5,4,1,0,1,3,3,1,1,4,1,4,3,3,3,3,3,3,3,3,3,1,1
21,16,0.115308151,0.2,0.13559322,0.230769231,0.044117647,0.158415842,0.061728395,0.333333333,0.089108911,0.416666667,0.745901639,0.916666667,0.525741975,0.699987765,0.112086786,1,0.403094883,0.818181818,0.725138122,0.361154446,0.13999965,0.26184419,0.212461464,0.597277258,0.324022346,0.418723551,1,0.6999958,0.875,0.289017341,0.198010021,0.4,0.507936508,0.260869565,0.204301075,0.195906433,0,0.016666666,0.525210084,0.875656743,0,0,0.875,1,3,1,1,1,3,1,1,3,4,3,3,3,2,3,3,1,1,1,3,3,1,3
38,17,0.093439364,0.107692308,0.762711864,0.778846154,0.647058824,0.811881188,0.407407407,0.745614035,0.079207921,0.5,0.540983607,0.824074074,0.340399758,0.347031165,0.024942342,1,0.205280304,0.454545455,0.788674033,0.812532501,0.102934743,0.411414583,0.19684928,0.670086301,0.12849162,0.392555488,0.352748628,0,0,0.034682081,0.041449279,1,0.507936508,0.02173913,0.102150538,0.14619883,0.629585798,0.276923077,-1,-1,-1,-1,0,3,3,1,1,1,2,2,1,-1,-1,3,-1,-1,-1,3,-1,-1,1,1,3,2,-1,2
19,18,0.089463221,0.246153846,0.237288136,0.394230769,0.147058824,0.514851485,0.172839506,0.605263158,0.059405941,0.37037037,0.270491803,0.518518519,0.354936402,0.613326109,0.04576749,1,0.288299172,0.606060606,0.849447514,0.342173687,0.262499344,0.4500072,0.202025059,0.868226571,0.245810056,0.3939373,0.458823529,0.17499895,1,0.23699422,0.205281777,0.666666667,0.634920635,0.217391304,0.231182796,0.33625731,0.584615385,0.486,0.218487395,0.073555166,0,0,1,2,4,1,1,1,3,3,3,1,1,3,1,1,1,3,3,3,3,3,3,3,3,3
20,19,0.087475149,0.2,0.152542373,0.317307692,0.044117647,0.257425743,0.024691358,0.157894737,0.148514851,0.638888889,0.868852459,0.981481481,0.427922471,0.885109507,0.349978645,1,0.351350618,0.606060606,0.540055249,0,0.218749453,0,0.269366745,0.465941412,0.094972067,0.310026773,0.878771541,0.2333366,0.75,0.132947977,0.075458443,0.133333333,-1,0.130434783,0.053763441,0.038011696,0.239842209,0,0.175420168,0.292469352,0.667,0,0.75,1,2,1,0,1,3,1,3,1,4,3,3,1,4,3,3,3,1,1,1,3,3,3
27,20,0.083499006,0.169230769,0.86440678,0.817307692,0.867647059,0.920792079,0.530864198,0.842105263,0.306930693,0.75,0.12295082,0.314814815,0.127195639,0.491164287,0.024805672,0.925832849,0.062793539,0.808090909,0.70718232,0.634165367,0.111702221,0.165506648,0.542268858,0.895636319,0.229050279,0,0.187696159,0.1333352,0.875,0.179190751,0.220375844,0.233333333,0.888888889,0.239130435,0.25,0.143274854,0.351904406,0.646601941,0.050420168,0,0,0,0.875,1,4,1,0,1,3,1,1,4,1,3,1,2,1,3,2,3,1,1,1,2,1,3
24,20,0.083499006,0.138461538,0.254237288,0.413461538,0.161764706,0.485148515,0.074074074,0.342105263,0.217821782,0.657407407,0.639344262,0.87962963,0.235614779,0.579713691,0.367677458,1,0.26206054,0.403030303,0.473756906,0,0.16406209,0.177794845,0.211867523,0.741169321,0.217877095,0.052336126,0.915471262,0.13999916,0.875,0.098265896,0.129156879,0.3,0.873015873,0.130434783,0.112903226,0.108187135,0.577571826,0.563855421,0,0,0,0,0.875,1,3,1,1,1,3,1,3,1,4,3,3,3,1,3,3,3,3,3,3,3,3,3
29,22,0.077534791,0.092307692,0.338983051,0.432692308,0.426470588,0.653465347,0.209876543,0.535087719,0.237623762,0.666666667,0.336065574,0.685185185,0.353422168,0.442729545,0.131357308,1,0.135577576,0.909090909,0.720994475,0.722308892,0.201914495,0,0.606046893,0.468834326,0.111731844,0.178685551,0.390006739,0.0666676,1,0.075144509,0.074269207,0.6,0.619047619,0.086956522,0.080645161,0.087719298,0,0.583098591,1,-1,-1,-1,1,1,3,1,1,1,3,1,1,1,1,1,1,1,1,3,3,3,1,1,1,3,1,3
28,23,0.065606362,0.215384615,0.305084746,0.423076923,0.382352941,0.673267327,0.172839506,0.578947368,0.297029703,0.759259259,0.532786885,0.851851852,0.321926105,0.719861565,0.044725378,0.515390047,0.468413194,0.696969697,0.61878453,0,0.142852143,0.189459031,0.324518483,0.685340951,0.502793296,0,0.559314528,0.09333744,0.75,0.190751445,0.228530722,0.6,0.603174603,0.253623188,0.397849462,0.409356725,0.378764897,0.24084507,0.034663866,0,0.133,0.441798942,0.75,2,4,1,0,1,3,1,3,3,4,3,4,2,3,3,2,3,3,3,3,3,3,2
47,24,0.06361829,0.076923077,0.169491525,0.307692308,0.117647059,0.455445545,0.111111111,0.51754386,0.00990099,0.111111111,0.56557377,0.851851852,0.439127801,0.640418801,0.053318527,1,0.560513099,0.606060606,0.921270718,0.928627145,0.116672208,0.48000768,0,0.83928528,0.173184358,0.107954055,0.730932897,0.127273236,0.75,0,0.018014788,0.433333333,0.857142857,0.007246377,0.005376344,0.032163743,0.612454213,0.685714285,0,0,0,0,0.75,1,2,1,1,1,2,3,1,1,1,1,2,4,4,3,1,2,3,3,3,2,1,2
35,24,0.06361829,0.092307692,0.254237288,0.317307692,0.102941176,0.336633663,0.037037037,0.210526316,0.396039604,0.759259259,0.221311475,0.546296296,0.537250151,0.637884323,0.263876313,1,0.273571332,0.575757576,0.357734807,0,0.120697198,0.15998656,0.650960206,0.636696244,0.162011173,0.304810433,1,0,0.875,0.104046243,0.086161836,0.4,0.365079365,0.101449275,0.061827957,0.067251462,0.546898262,0.203225807,0,0,1,0,0.875,3,2,1,1,1,3,1,3,1,1,3,3,3,3,1,4,1,1,1,1,2,3,3
18,26,0.059642147,0.230769231,1,0.932692308,0.808823529,0.98019802,0.24691358,0.728070175,0.762376238,0.962962963,0.459016393,0.759259259,0.122047244,0.895509605,0,1,0.166485679,0.448484848,0,0,0.32812418,0.266692267,0.145317759,0.817709979,0.061452514,0.1919164,0.950495812,0,0.875,0.011560694,0.028319861,0,0.634920635,0.014492754,0.045698925,0.070175439,0.501098902,0.45,0,0,0,0.611111111,0.875,1,2,1,1,1,3,1,1,2,1,3,1,1,4,3,1,3,1,3,1,2,3,3
8,26,0.059642147,0.230769231,0.118644068,0.240384615,0.088235294,0.356435644,0.074074074,0.377192982,0.089108911,0.462962963,0.647540984,0.87962963,0.453664446,0.810316198,0.080071752,0.937069037,0.329930772,0.606060606,0.752762431,0.265340614,0.148312129,0.290932655,0.279378907,0.57542239,0.318435754,0.267605147,0.941965919,0.151353092,1,0.317919075,0.332195171,0.5,0.666666667,0.333333333,0.397849462,0.359649123,0.629585798,0.193846154,0.425420168,0,0,0.142857143,1,5,4,1,1,1,3,1,3,1,1,3,3,1,1,3,1,3,3,3,3,3,3,3
26,28,0.049701789,0.061538462,0.474576271,0.528846154,0.205882353,0.554455446,0.160493827,0.578947368,0.277227723,0.666666667,0.278688525,0.555555556,0.335857056,0.750187901,0.010814043,0.799015535,0.50234831,0.065151515,0.741712707,0.361154446,0.184204539,0.63999424,0.419803716,0.568968032,0.217877095,0.300388635,0.434235102,0.087499475,1,0.173410405,0.129746394,0.466666667,0.777777778,0.173913043,0.271505376,0.368421053,0.458338461,0.3168,0,0.11033275,0.063,0,1,5,4,0,0,1,3,3,1,1,1,3,1,1,1,3,1,3,3,3,3,3,3,3
48,29,0.045725646,0.046153846,0.406779661,0.557692308,0.279411765,0.623762376,0.197530864,0.675438596,0.207920792,0.592592593,0.180327869,0.37962963,0.27195639,0.720473336,0,0.785141647,0.38762047,0.303030303,0.552486188,0.44825793,0.184204539,0.411414583,0.367423707,0.856569831,0.290502793,0.387753692,0.752844902,0.17499895,1,0.190751445,0.182671442,-1,-1,0.173913043,0.293010753,0.368421053,0.608,0.3888,0,0.218914186,0,0.111111111,1,5,4,1,0,1,3,1,3,1,1,3,1,3,3,3,3,3,1,3,3,3,1,3
40,30,0.041749503,0.123076923,0.355932203,0.432692308,0.411764706,0.663366337,0.333333333,0.666666667,0.257425743,0.666666667,0.155737705,0.342592593,0.264082374,0.591424726,0.024651918,0.948076763,0.1836297,0.515151515,0.578729282,0.245319813,0.452583869,0.2250276,0.475181718,0.707621247,0.335195531,0.275360567,0.75554058,0.10499937,0.75,0.306358382,0.328611198,0.633333333,0.761904762,0.31884058,0.465053763,0.476608187,0.444637053,0.304225353,0.262605042,0,0.025,0,0.75,5,4,1,1,1,2,1,3,1,4,3,1,4,2,1,1,3,3,3,3,3,3,3
51,31,0.039761431,0.092307692,0.627118644,0.692307692,0.294117647,0.633663366,0.222222222,0.710526316,0.574257426,0.87037037,0.557377049,0.833333333,0.157480315,0.892241003,0.014128299,0.884605799,0.364829646,0.293939394,0.552486188,0,0.13999965,0.411414583,0.340385214,0.566123739,0.106145251,0.863632438,0.807451622,0,0.75,0.196531792,0.102020278,0.6,0.619047619,0.079710145,0.088709677,0.149122807,1,0,-1,-1,-1,-1,0.75,2,3,0,1,1,2,1,1,1,4,3,2,1,4,3,1,3,1,1,2,2,3,2
42,32,0.03777336,0.138461538,0.779661017,0.788461538,0.735294118,0.940594059,0.320987654,0.728070175,0.366336634,0.759259259,0.450819672,0.740740741,0.038461538,0.87012987,0.045203724,0.480767633,0.46896973,0.399878788,0.506906077,0.684217369,0.325586686,0.342869486,0.455723053,0.325075969,0.195530726,0.179929182,0.251198614,0,0.625,0.184971098,0.212017277,0.633333333,0.428571429,0.210144928,0.123655914,0.160818713,0.562962962,0.133333333,0.066176471,0,0.375,0,0.625,5,3,1,0,1,3,1,1,4,4,3,3,2,4,3,1,1,3,1,3,3,3,3
55,33,0.031809145,0.076923077,0.949152542,0.961538462,0.705882353,0.851485149,0.444444444,0.780701754,0.316831683,0.722222222,0.37704918,0.657407407,0.106299213,0.45629337,0.134039464,0.877835009,0.181389982,0.303030303,0.54281768,0,0.159092102,0.564729036,0.321746755,0.690288076,0.162011173,1,0,0,0.375,0.23699422,0.1062966,0.4,0.761904762,0.057971014,0.110215054,0.17251462,0.41081081,0.802702702,0,0,0,0,0.375,1,3,1,1,0,3,1,1,1,4,2,4,1,4,1,4,1,1,1,4,3,1,2
30,33,0.031809145,0.184615385,0.813559322,0.826923077,0.367647059,0.712871287,0.259259259,0.798245614,0.128712871,0.62962963,0.336065574,0.657407407,0,0.952753841,0.054360639,1,0.225953577,0.303030303,0.592541436,1,0,0.92310277,0.387193484,0.455816215,0.055865922,0.675878746,0.75128526,0,0.625,0.040462428,0.031726165,0.666666667,0.603174603,0,0.021505376,0.035087719,0,0.4125,0.933823529,0,0,0,0.625,2,2,1,1,1,3,3,1,1,4,3,3,1,1,3,1,3,-1,-1,3,3,3,3
22,33,0.031809145,0.169230769,0.06779661,0.144230769,0.029411765,0.138613861,0.024691358,0.140350877,0.059405941,0.314814815,0.401639344,0.722222222,0.771653543,0.714687735,0.1396942,1,0.502606217,0.303030303,0.604972376,0.520020801,0.241376897,0,0.29555675,0.787832746,0.268156425,0.254011573,0.864869548,0.2000028,1,0.104046243,0.112745103,0.5,0.825396825,0.108695652,0.182795699,0.19005848,0.519658119,0.183333333,0.050420168,0,0.619,0,1,5,3,1,1,1,3,1,3,3,1,3,1,3,1,3,1,1,1,1,3,2,3,1
23,36,0.029821074,0.230769231,0.050847458,0.115384615,0.029411765,0.069306931,0.024691358,0.070175439,0.079207921,0.388888889,0.532786885,0.824074074,0.377952756,0.647288109,0.638780217,1,0.510356997,0.484848485,0.582872928,0,0.250004375,0.35122162,0.336708431,0.535407804,0.279329609,0.261715174,0.931799365,0.329404024,0.625,0.098265896,0.112058854,0.3,0.825396825,0.101449275,0.11827957,0.143274854,0.431501831,0.214285714,0.803571429,0,0,0,0.625,1,3,1,1,1,3,1,3,4,4,3,2,1,4,3,3,3,1,1,3,3,1,3
37,37,0.027833002,0.107692308,0.542372881,0.538461538,0.647058824,0.811881188,0.444444444,0.807017544,0.069306931,0.314814815,0.754098361,0.935185185,0.133555421,0.607260841,0.008353976,0.792307053,0.321623456,0.757575758,1,0.722308892,0.131249672,0,0.260797013,0.583918804,0.122905028,0,0.545720612,0,0.875,0.138728324,0.188162947,0.9,0.444444444,0.188405797,0.188172043,0.114035088,0.637762237,0.212727272,0,0,0.32,0,0.875,5,3,1,0,1,3,2,1,1,1,3,3,2,1,3,1,-1,3,3,3,2,3,3
15,37,0.027833002,0.138461538,0.152542373,0.240384615,0.132352941,0.485148515,0.061728395,0.359649123,0.455445545,0.787037037,0.696721311,0.907407407,0.350999394,0.768541015,0.19383275,0.901096619,0.171996742,0.703030303,0.483425414,0.419396776,0.243056892,0.272740364,0.275475861,0.457785341,0.301675978,0.458260644,0.864349668,0.073681558,0.875,0.190751445,0.185297777,0.466666667,-1,0.15942029,0.306451613,0.383040936,0.621409359,0.276923077,0,0.092819615,0,0.277777778,0.875,2,4,1,1,1,3,1,3,3,4,3,1,1,3,3,1,1,3,3,3,2,3,3
39,39,0.02584493,0.061538462,0.610169492,0.673076923,0.397058824,0.643564356,0.271604938,0.605263158,0.356435644,0.833333333,0.278688525,0.648148148,0.366444579,0.263777945,0.157358845,1,0.176829103,0.56969697,0.828729282,0,0.166669583,0,0.529428402,0.733499453,0.05027933,0.150202954,0.60063541,0.155553067,0.625,0.040462428,0.0380906,0.366666667,0.80952381,0.050724638,0.048387097,0,0.467692308,0.719999999,0,0.194395797,0,0,0.625,2,2,0,1,1,3,1,1,1,1,1,1,3,-1,3,-1,1,1,-1,2,2,1,2
32,40,0.019880716,0.2,0.474576271,0.557692308,0.529411765,0.722772277,0.592592593,0.859649123,0.138613861,0.527777778,0.081967213,0.175925926,0.033010297,0.597087973,0.039412317,1,0.430378716,0.606060606,0.522099448,0.838793552,0.262499344,0.744827917,0.428373448,0.776163851,0.25698324,0.863632438,0.51092712,0.077783533,0.875,0.369942197,0.230706353,-1,-1,0.188405797,0.338709677,0.321637427,0.403763143,0.517985611,0.116596639,0,0,0,0.875,4,4,1,0,1,3,3,1,2,4,3,3,1,1,3,1,3,3,3,1,2,1,3
50,41,0.015904573,0.153846154,0.610169492,0.653846154,0.514705882,0.722772277,0.518518519,0.842105263,0.237623762,0.648148148,0.139344262,0.324074074,0.056632344,0.579468983,0.045528316,0.653838166,0.245825981,0.303030303,0.723756906,0.722308892,0.159092102,0.423558777,0.458777611,0.806551598,0.145251397,0.996493652,0.614903244,0,0.75,0.50867052,0.296404358,0.4,0.682539683,0.217391304,0.180107527,0.32748538,0.558041958,0.593181819,0,0,0,0.097883598,0.75,3,3,1,0,1,3,1,1,1,1,3,4,1,4,3,3,3,1,1,3,3,1,3
34,42,0.013916501,0.107692308,0.559322034,0.576923077,0.985294118,0.95049505,1,1,0.267326733,0.657407407,0.196721311,0.444444444,0.084797093,0,0.050773042,0.370628063,0.296226415,0.515151515,0.921270718,0.928627145,0.291671771,0.097969568,0.406850129,0.778959524,0.134078212,0.767665602,0.321016655,0.042419745,0.75,0.219653179,0.133008617,0.466666667,0.746031746,0.115942029,0.279569892,0.277777778,0.276068376,0.525,0,0,0,0,0.75,2,4,1,0,1,3,1,1,1,1,3,1,4,4,3,1,3,1,3,2,3,3,3
25,43,0.011928429,0.184615385,0.355932203,0.471153846,0.5,0.722772277,0.148148148,0.51754386,0.851485149,0.916666667,0.245901639,0.601851852,0.400666263,0.574889444,0.084684377,0.307697101,0,0.606060606,0.716850829,0,0.189192027,0,0.351754957,0.974133949,0.206703911,0,0.96266487,0,1,0.098265896,0.151863569,0.6,0.73015873,0.137681159,0.27688172,0.364766082,0.619517795,0.483582088,0.349789916,0,0,0,1,2,4,1,0,1,3,1,1,1,1,3,1,1,1,3,1,1,1,1,3,3,1,3
52,43,0.011928429,0.015384615,0.525423729,0.567307692,0.220588235,0.613861386,0.160493827,0.570175439,0.128712871,0.583333333,0,0,0.30466384,0.717799025,0.041137781,1,0.090213113,0.696969697,0.839779006,0.722308892,0.250004375,0.872749964,0.529428402,0.984976298,0.027932961,0.476483289,0.280812554,0,1,0.075144509,0.075120065,0.933333333,0.619047619,0.050724638,0.048387097,0.070175439,0.021652422,1,0.087184874,0,0,0,1,1,2,1,1,1,3,1,3,1,3,3,1,3,3,3,1,3,1,1,3,3,3,3
33,45,0.009940358,0.184615385,0.271186441,0.346153846,0.102941176,0.425742574,0.086419753,0.535087719,0.108910891,0.481481481,0.049180328,0.12962963,0.408843125,0.780776424,0.035670966,0.950548309,0.228994163,0.515151515,0.774861878,0,0.304341739,0.6000096,0.439856323,1,0.284916201,0.403022714,0.913680562,0,0.75,0.080924855,0.088318277,0.566666667,0.682539683,0.065217391,0.271505376,0.350877193,0.597232983,0.323741007,0,0,0.071,0.62962963,0.75,1,4,1,1,1,3,3,3,3,1,3,4,3,1,3,4,3,3,3,3,3,1,3
31,45,0.009940358,0.123076923,0.288135593,0.471153846,0.191176471,0.504950495,0.135802469,0.526315789,0.475247525,0.805555556,0.016393443,0.064814815,0.417928528,0.580185629,0.062697531,0.505483094,0.425383467,0.121212121,0.38121547,0,0.208336979,1,0.450660407,0.994505895,0.312849162,0.902893169,0.80123231,0.027453835,1,0.416184971,0.205640408,0.4,0.682539683,0.202898551,0.27688172,0.476608187,0.381789639,0.385714285,0.040966387,0,0.176,0.518518519,1,1,4,1,0,1,2,1,1,1,1,3,3,1,1,3,1,1,1,3,3,3,1,3
41,47,0.003976143,0.046153846,0.830508475,0.884615385,0.176470588,0.534653465,0.160493827,0.622807018,0.227722772,0.731481481,0.491803279,0.842592593,0.341913992,0.744175071,0,1,0.214347767,0.984848485,0.654696133,0,0.102934743,0,0.312215403,0.817709979,0.067039106,0.181811901,0.663040339,1,0.875,0.01734104,0.030991549,0.333333333,0.746031746,0.02173913,0.040322581,0.090643275,0,0.266666666,0.150210084,1,0,0,0.875,1,2,1,1,1,3,3,3,1,4,3,2,3,2,3,1,2,3,2,3,2,2,2
53,48,0.001988072,0,0.254237288,0.836538462,0.397058824,0.653465347,0.666666667,0.929824561,0,0,0.016393443,0.185185185,0.038158692,0.528307493,0,1,1,0,0.613259669,0,1,0.24000384,1,0,0,0.304810433,0.6035814,0.17499895,1,0.005780347,0,0.2,0.317460317,0,0,0.014619883,0.389743589,0.507692307,0,0,0.125,0,1,1,1,1,1,1,3,1,1,1,1,1,3,1,1,3,1,3,1,1,3,2,1,3
54,48,0.001988072,0.030769231,0.983050847,1,1,1,0.901234568,0.98245614,0.584158416,0.87962963,0.155737705,0.333333333,0.004542701,0.301952422,0.008593149,1,0.627066649,0.2,0.165745856,0.342173687,0.138162155,0.564729036,0.41281783,0.858782059,0.240223464,0.387753692,0.748011938,0.036847779,0.75,0.190751445,0.208753439,0.7,0.571428571,0.173913043,0.387096774,0.67251462,0.298662208,0.322826087,0,0,0,0.14021164,0.75,3,4,0,1,1,3,1,1,1,4,1,1,1,4,2,2,2,1,1,1,2,1,3
43,50,0,0.123076923,0.06779661,0.144230769,0.088235294,0.405940594,0.061728395,0.359649123,0.178217822,0.657407407,0.803278689,0.935185185,0.191096305,0.841708762,0.308037926,1,0.169173341,0.757575758,0.690607735,0.5,0.269236827,0.221523544,0.130723761,0.541363802,0.301675978,0.394800933,0.891056128,0,1,0.10982659,0.110232885,0,0.841269841,0.094202899,0.212365591,0.269005848,0.862059974,0.137288135,0.031512605,0,0,0,1,3,4,1,1,1,3,3,3,3,1,3,3,3,3,3,1,3,3,3,3,3,3,3
36,50,0,0.061538462,0.355932203,0.403846154,0.088235294,0.366336634,0.061728395,0.394736842,0.188118812,0.675925926,0.62295082,0.87037037,0.329497274,0.913478177,0.135389083,1,0.365467626,0.606060606,0.921270718,0,0.194442014,0.711131378,0.04392341,0.704643248,0.055865922,0.172726488,1,0.17499895,0.625,0.080924855,0.073873784,0.566666667,0,0.094202899,0.077956989,0.032163743,0.93199554,0,0.919117647,0,0,0,0.625,4,2,0,1,1,3,1,4,1,1,4,2,2,3,3,4,3,1,1,1,2,1,3
