CID,CSRankingTheory,Average Count,Facult,R Rankings:5thPercentile,R Rankings:95thPercentile,S Rankings:5thPercentile,S Rankings:95thPercentile,Research Activity:5thPercentile,Research Activity:95thPercentile,Student Support & Outcomes:5thPercentile,Student Support & Outcomes:95thPercentile,Diversity:5thPercentile,Diversity:95thPercentile,"Average Number of Publications (2000-2006) per Allocated Faculty, 2006","Percent of Faculty with Grants,2006","Awards per Allocated Faculty Member, 2006","Percent of First Year Students with Full Financial Support,Fall 2005",Avg. Completion Percentage: 8 Years or Less for Humanities; 6 Years or Less for Other Fields,"Median Time to Degree (Full- and Part-Time Graduates),2006",Percent with Academic Plans,"Non-Asian Minority Faculty as a Percent of Total Core and New Domestic Faculty, 2006","Female Faculty as a Percent of Total Core and New Faculty, 2006","Non-Asian Minority Students as a Percent of Total Domestic Students, Fall 2005","Female Students as a Percent of Total Students, Fall2005","International Students as a Percent of Total Students,Fall 2005","Average Number of  Ph.D.s Graduated, 2002-2006","Percent of Interdisciplinary Faculty, 2006","Average GRE Scores,2004-2006","Percent of First Year Students with External Fellowships, 2005",Number of Student Activities(Max=18),"Total Faculty, 2006","Number of Allocated Faculty, 2006","Assistant Professors as a Percent of Total Faculty, 2006","Tenured Faculty as a Percent of Total Faculty, 2006","Number of Core and New Faculty, 2006","Number of Students Enrolled, Fall 2005","Average Annual First Year Enrollment, 2002-2006","Percent of Students with Research Assistantships, Fall 2005","Percent of Students with Teaching Assistantships, Fall 2005",Percent of First Year Students with Institutional Fellowships Alone,Percent  of First Year Students with a Combination of Fellowships and Traineeships,Percent of First Year Students with Both Internal Fellowships and Internal Assistantships,Percent of First Year Students with Multiple Internal Assistantships,Count of Student Activities,Regional Code 1=NE 2=MW 3=SA 4=SC 5=W,Program Size Quartile,Collects Data About Post-Graduation Employment (1=Yes; 0=No),Is Student Work Space Provided? (1=Yes; 0=No),Is Health Insurance Provided? (1=Yes; 0=No),Orientation for New Graduate Students,International Student Orientation,Language Screening / Support Prior to Teaching,Instruction in Writing,Instruction in Statistics,Prizes / Awards for Teaching or Research,Assistance / Training in Proposal Writing,On-campus Graduate Research Conferences,Formal Training in Academic Integrity,Active Graduate Student Association,Staff Assigned to the Graduate Student Association,Fi-1cial Support for the Graduate Student Association,Posted Academic Grievance Procedure,Dispute Resolution Procedure,Regular Graduate Programs Directors / Coordinators Meetings,Annual Review of All Enrolled Doctoral Students,Organized Training to Help Students Improve Teaching Skills,Travel Support to Attend Professional Meetings
3,1,1,0.636363636,0,0,0,0,0,0,0.42,0.760416667,0.950819672,0.990740741,1,0.837321494,0.812214914,0.870191908,0.912351308,0.351701783,0.473007712,0.46424857,0.276196737,0.167426679,0.186218283,0.454065881,0.66091954,0.115156749,1,0.2734375,0.375,0.167630058,0.157687408,0.466666667,0.666666667,0.219858156,0.373015873,0.362857143,0.497492163,0.206896552,0.426470588,0.222857143,0,0.828042328,0.375,5,4,0,1,1,2,1,1,4,4,3,4,2,4,2,4,1,1,1,3,2,3,3
11,2,0.955128205,0.636363636,0.084745763,0.2,0.28358209,0.636363636,0.061728395,0.359649123,1,1,1,1,0.449121744,0.821520337,0.09365337,0,0.338540841,1,0.553984576,0,0.351519604,0,0.189954814,0,0.350574713,0.558044736,0.79108501,0.048075,1,0.283236994,0.241181782,0.533333333,0.80952381,0.234042553,0.441798942,0.32,0.673343606,0.640677965,0.444327731,0,0,0,1,4,4,1,1,1,3,1,1,1,2,3,1,3,3,3,1,1,1,3,1,2,3,3
8,3,0.903846154,0.772727273,0.118644068,0.25,0.089552239,0.363636364,0.074074074,0.377192982,0.08,0.395833333,0.647540984,0.87962963,0.453664446,0.810316198,0.080071752,0.937069037,0.481879461,0.578606159,0.700514139,0.265340614,0.327700874,0.290932655,0.429179701,0.57542239,0.298850575,0.267605147,0.941965919,0.1351375,1,0.317919075,0.35501529,0.5,0.666666667,0.34751773,0.407407407,0.374285714,0.675524475,0.193846154,0.425420168,0,0,0.142857143,1,5,4,1,1,1,3,1,3,1,1,3,3,1,1,3,1,3,3,3,3,3,3,3
9,4,0.852564103,0.681818182,0.06779661,0.15,0.059701493,0.252525253,0.049382716,0.298245614,0.02,0.125,0.606557377,0.898148148,0.231677771,0.708692384,0.432083369,1,1,0.578606159,0.607969152,0,0.483334622,0,0.31504171,0.784818281,0.264367816,0.10159772,1,0,0.875,0.202312139,0.213700468,0.7,0.53968254,0.262411348,0.259259259,0.251428571,0.703305786,0.272727273,0.429621849,0,0.455,0,0.875,1,4,1,1,1,3,1,1,1,1,3,3,2,4,3,1,1,1,1,3,2,1,3
24,5,0.846153846,0.454545455,0.254237288,0.43,0.164179104,0.494949495,0.074074074,0.342105263,0.21,0.614583333,0.639344262,0.87962963,0.235614779,0.579713691,0.367677458,1,0.382751784,0.361426256,0.440874036,0,0.362500967,0.177794845,0.325469239,0.741169321,0.195402299,0.052336126,0.915471262,0.125,0.875,0.098265896,0.15891519,0.3,0.873015873,0.14893617,0.126984127,0.128571429,0.619715225,0.563855421,0,0,0,0,0.875,1,3,1,1,1,3,1,3,1,4,3,3,3,1,3,3,3,3,3,3,3,3,3
2,6,0.730769231,0.909090909,0.033898305,0.03,0.029850746,0.070707071,0.024691358,0.078947368,0.04,0.239583333,0.62295082,0.861111111,0.443670503,0.888063484,0.47556163,1,0.94831483,0.61102107,0.520565553,0.188377535,0.670211121,0.292708683,0.558611401,0.412410356,0.810344828,0,0.458823529,0.164475,0.875,0.341040462,0.375446648,0.1,0.53968254,0.453900709,0.650793651,0.397142857,0.758142577,0.187769784,0.276260504,0.188571429,0,0,0.875,1,4,1,1,1,3,1,3,1,4,3,3,2,3,3,1,3,3,3,3,2,3,2
5,7,0.724358974,0.681818182,0.033898305,0.16,0.104477612,0.424242424,0.098765432,0.473684211,0.21,0.604166667,0.467213115,0.777777778,0.454875833,0.650591669,0.063261297,0.950548309,0.520162569,0.633711507,0.479434447,0.333333333,0.483334622,0.129746076,0.357055961,0.797799927,0.816091954,0.4499525,0.458823529,0.1,1,0.595375723,0.496360684,0.6,0.587301587,0.546099291,0.788359788,0.854285714,0.755015198,0.339209726,0.210084034,0.114285714,0,0,1,2,4,1,1,1,2,1,3,1,1,3,2,2,2,2,2,2,3,3,3,2,3,3
17,8,0.685897436,0.272727273,0.06779661,0.27,0.104477612,0.373737374,0.12345679,0.447368421,0.64,0.854166667,0.827868852,0.944444444,0.412477286,0.604009718,0.123772102,0.851644928,0.564968279,0.351701783,0.502570694,0.382345294,0.341195577,0.392742284,0.329944387,0.441424578,0.649425287,0.323862164,0.947299509,0.3125,0.625,0.184971098,0.227848445,0.3,0.698412698,0.19858156,0.412698413,0.408571429,0.359342166,0.153768845,0.337184874,0.357142857,0.286,0,0.625,5,4,0,1,1,3,1,1,1,1,3,4,3,4,1,4,1,1,1,3,3,3,3
12,9,0.487179487,0.454545455,0.423728814,0.57,0.119402985,0.373737374,0.074074074,0.359649123,0.41,0.802083333,0.204918033,0.425925926,0.465778316,0.58513223,0.199538738,1,0.550297383,0.416531605,0.584832905,0,0.407006419,0.857149714,0.541579771,0.715011547,0.229885057,0,0.77273515,0.277775,0.375,0.115606936,0.208016297,0.533333333,0.53968254,0.177304965,0.17989418,0.214285714,0.737967915,0.247058823,0.233193277,0,0,0,0.375,1,3,0,1,1,3,1,1,4,4,3,2,4,4,3,3,3,3,3,4,2,3,2
18,10,0.461538462,0.409090909,1,0.97,0.820895522,1,0.24691358,0.728070175,0.76,0.958333333,0.459016393,0.759259259,0.122047244,0.895509605,0,1,0.24316019,0.410048622,0,0,0.725001933,0.266692267,0.22323601,0.817709979,0.034482759,0.1919164,0.950495812,0,0.875,0.011560694,0.061523958,0,0.634920635,0.035460993,0.060846561,0.091428571,0.537662338,0.45,0,0,0,0.611111111,0.875,1,2,1,1,1,3,1,1,2,1,3,1,1,4,3,1,3,1,3,1,2,3,3
1,11,0.442307692,1,0.033898305,0.08,0.029850746,0.090909091,0.074074074,0.377192982,0.05,0.239583333,0.467213115,0.787037037,0.33827983,0.866599081,0.132450671,0.925832849,0.816891356,0.675850891,0.637532134,0.096333853,0.75257134,0.097441559,0.628215155,0.539893035,1,0.338146645,0.833946279,0.81325,0.875,1,1,0.233333333,0.253968254,1,1,1,0.466592028,0.004433497,0.037815126,0.808571429,0,0,0.875,1,4,1,1,0,3,1,1,2,1,3,3,2,4,3,1,3,3,3,3,2,3,3
4,12,0.423076923,0.636363636,0,0,0,0,0,0,0.27,0.635416667,0.901639344,0.981481481,0.604482132,0.782227194,1,0.925832849,0.406443299,0.675850891,0.520565553,0.302392096,0.269778053,0.410262564,0.210245047,0.442518537,0.620689655,0.50968132,0.796880716,0.0446375,1,0.260115607,0.248241891,0.066666667,1,0.226950355,0.484126984,0.42,0.81516548,0,0.713235294,0,0.143,0,1,5,4,1,1,1,3,1,3,3,1,3,1,3,1,3,1,3,3,3,1,3,3,3
14,12,0.423076923,0.363636364,0.101694915,0.23,0.089552239,0.424242424,0.061728395,0.438596491,0.15,0.53125,0.352459016,0.666666667,0.370684434,1,0.041171948,1,0.4361023,0.675850891,0.557840617,0,0.580001547,0.369221908,0.446124435,0.743418014,0.557471264,0.381345539,0.831269857,0,0.75,0.352601156,0.356429168,0.433333333,0.682539683,0.34751773,0.502645503,0.48,0.618268813,0.577033493,0.06197479,0,0.118,0,0.75,3,4,1,1,1,3,3,3,1,4,3,4,1,1,3,1,3,1,3,3,2,1,3
7,14,0.397435897,0.545454545,0.084745763,0.26,0.208955224,0.575757576,0.209876543,0.657894737,0.26,0.666666667,0.262295082,0.518518519,0.233192005,0.78210484,0.034987614,0.861531112,0.309159397,0.724473258,0.627249357,0.400026001,0.713865904,0.410262564,0.558611401,0.657809651,0.551724138,0.268693324,0.933224223,0.05555,1,0.427745665,0.471104485,0.666666667,0.492063492,0.460992908,0.584656085,0.517142857,0.786661699,0.324590164,0,0,0,0,1,3,4,1,1,0,3,3,1,1,1,3,3,3,1,3,1,3,1,1,3,2,1,2
29,15,0.320512821,0.363636364,0.338983051,0.45,0.432835821,0.666666667,0.209876543,0.535087719,0.23,0.625,0.336065574,0.685185185,0.353422168,0.442729545,0.131357308,1,0.198017446,0.902755267,0.670951157,0.722308892,0.44613719,0,0.931004519,0.468834326,0.086206897,0.178685551,0.390006739,0.059525,1,0.075144509,0.10590313,0.6,0.619047619,0.106382979,0.095238095,0.108571429,0,0.583098591,1,-1,-1,-1,1,1,3,1,1,1,3,1,1,1,1,1,1,1,1,3,3,3,1,1,1,3,1,3
41,16,0.301282051,0.227272727,0.830508475,0.92,0.179104478,0.545454545,0.160493827,0.622807018,0.22,0.697916667,0.491803279,0.842592593,0.341913992,0.744175071,0,1,0.313065028,0.983792545,0.609254499,0,0.22743794,0,0.479622871,0.817709979,0.040229885,0.181811901,0.663040339,0.8928625,0.875,0.01734104,0.06410435,0.333333333,0.746031746,0.042553191,0.055555556,0.111428571,0,0.266666666,0.150210084,0.815714286,0,0,0.875,1,2,1,1,1,3,3,3,1,4,3,2,3,2,3,1,2,3,2,3,2,2,2
23,17,0.262820513,0.5,0.050847458,0.12,0.029850746,0.070707071,0.024691358,0.070175439,0.07,0.3125,0.532786885,0.824074074,0.377952756,0.647288109,0.638780217,1,0.745400476,0.448946515,0.542416452,0,0.552393473,0.35122162,0.51724887,0.535407804,0.25862069,0.261715174,0.931799365,0.2941125,0.625,0.098265896,0.142401436,0.3,0.825396825,0.120567376,0.132275132,0.162857143,0.462987013,0.214285714,0.803571429,0,0,0,0.625,1,3,1,1,1,3,1,3,4,4,3,2,1,4,3,3,3,1,1,3,3,1,3
20,18,0.243589744,0.363636364,0.152542373,0.33,0.044776119,0.262626263,0.024691358,0.157894737,0.14,0.59375,0.868852459,0.981481481,0.427922471,0.885109507,0.349978645,1,0.513164155,0.578606159,0.502570694,0,0.483334622,0,0.413799096,0.465941412,0.068965517,0.310026773,0.878771541,0.2083375,0.75,0.132947977,0.107051728,0.133333333,-1,0.14893617,0.068783069,0.06,0.257342657,0,0.175420168,0.238571429,0.667,0,0.75,1,2,1,0,1,3,1,3,1,4,3,3,1,4,3,3,3,1,1,1,3,3,3
21,19,0.237179487,0.409090909,0.13559322,0.24,0.044776119,0.161616162,0.061728395,0.333333333,0.08,0.34375,0.745901639,0.916666667,0.525741975,0.699987765,0.112086786,1,0.588739096,0.805510535,0.674807198,0.361154446,0.309334158,0.26184419,0.326381648,0.597277258,0.304597701,0.418723551,1,0.625,0.875,0.289017341,0.225415493,0.4,0.507936508,0.276595745,0.216931217,0.214285714,0,0.016666666,0.525210084,0.714285714,0,0,0.875,1,3,1,1,1,3,1,1,3,4,3,3,3,2,3,3,1,1,1,3,3,1,3
22,20,0.230769231,0.272727273,0.06779661,0.15,0.029850746,0.141414141,0.024691358,0.140350877,0.05,0.229166667,0.401639344,0.722222222,0.771653543,0.714687735,0.1396942,1,0.734080095,0.25445705,0.562982005,0.520020801,0.533330756,0,0.454031978,0.787832746,0.247126437,0.254011573,0.864869548,0.178575,1,0.104046243,0.143064234,0.5,0.825396825,0.127659574,0.195767196,0.208571429,0.557575757,0.183333333,0.050420168,0,0.619,0,1,5,3,1,1,1,3,1,3,3,1,3,1,3,1,3,1,1,1,1,3,2,3,1
27,21,0.224358974,0.409090909,0.86440678,0.85,0.880597015,0.939393939,0.530864198,0.842105263,0.3,0.71875,0.12295082,0.314814815,0.127195639,0.491164287,0.024805672,0.925832849,0.091712926,0.79471637,0.658097686,0.634165367,0.246809991,0.165506648,0.833029197,0.895636319,0.206896552,0,0.187696159,0.11905,0.875,0.179190751,0.247017035,0.233333333,0.888888889,0.255319149,0.261904762,0.162857143,0.377581642,0.646601941,0.050420168,0,0,0,0.875,1,4,1,0,1,3,1,1,4,1,3,1,2,1,3,2,3,1,1,1,2,1,3
15,22,0.192307692,0.318181818,0.152542373,0.25,0.134328358,0.494949495,0.061728395,0.359649123,0.45,0.760416667,0.696721311,0.907407407,0.350999394,0.768541015,0.19383275,0.901096619,0.251209358,0.682333874,0.449871465,0.419396776,0.537042765,0.272740364,0.423183872,0.457785341,0.281609195,0.458260644,0.864349668,0.0657875,0.875,0.190751445,0.21313765,0.466666667,-1,0.177304965,0.317460317,0.397142857,0.66675143,0.276923077,0,0.075714286,0,0.277777778,0.875,2,4,1,1,1,3,1,3,3,4,3,1,1,3,3,1,1,3,3,3,2,3,3
40,23,0.166666667,0.272727273,0.355932203,0.45,0.417910448,0.676767677,0.333333333,0.666666667,0.25,0.625,0.155737705,0.342592593,0.264082374,0.591424726,0.024651918,0.948076763,0.268199841,0.481361426,0.538560411,0.245319813,1,0.2250276,0.729970455,0.707621247,0.316091954,0.275360567,0.75554058,0.09375,0.75,0.306358382,0.351553788,0.633333333,0.761904762,0.333333333,0.473544974,0.488571429,0.477080666,0.304225353,0.262605042,0,0.025,0,0.75,5,4,1,1,1,2,1,3,1,4,3,1,4,2,1,1,3,3,3,3,3,3,3
38,24,0.153846154,0.181818182,0.762711864,0.81,0.656716418,0.828282828,0.407407407,0.745614035,0.07,0.4375,0.540983607,0.824074074,0.340399758,0.347031165,0.024942342,1,0.29982157,0.416531605,0.733933162,0.812532501,0.22743794,0.411414583,0.302398332,0.670086301,0.103448276,0.392555488,0.352748628,0,0,0.034682081,0.07420472,1,0.507936508,0.042553191,0.116402116,0.165714286,0.675524475,0.276923077,-1,-1,-1,-1,0,3,3,1,1,1,2,2,1,-1,-1,3,-1,-1,-1,3,-1,-1,1,1,3,2,-1,2
26,25,0.134615385,0.136363636,0.474576271,0.55,0.208955224,0.565656566,0.160493827,0.578947368,0.27,0.625,0.278688525,0.555555556,0.335857056,0.750187901,0.010814043,0.799015535,0.73370341,0,0.690231362,0.361154446,0.407006419,0.63999424,0.644899201,0.568968032,0.195402299,0.300388635,0.434235102,0.078125,1,0.173410405,0.15948456,0.466666667,0.777777778,0.191489362,0.283068783,0.382857143,0.491781818,0.3168,0,0.09,0.063,0,1,5,4,0,0,1,3,3,1,1,1,3,1,1,1,3,1,3,3,3,3,3,3,3
45,25,0.134615385,0.318181818,0.372881356,0.45,0.208955224,0.565656566,0.197530864,0.631578947,0.03,0.229166667,0.663934426,0.916666667,0.249848577,0.753246753,0.054941488,1,0.643933386,0.189627229,0.609254499,0,0.736524631,0,0.132994439,0.793800899,0.051724138,0.332170308,1,0,1,0.057803468,0.062113761,0.066666667,0.73015873,0.070921986,0.03968254,0.031428571,0,0,0.525210084,0,0.5,0,1,1,2,1,1,1,3,1,1,3,1,1,1,1,1,1,1,1,1,1,1,3,1,1
34,27,0.128205128,0.181818182,0.559322034,0.6,1,0.96969697,1,1,0.26,0.614583333,0.196721311,0.444444444,0.084797093,0,0.050773042,0.370628063,0.432652657,0.481361426,0.857326478,0.928627145,0.644459052,0.097969568,0.625,0.778959524,0.109195402,0.767665602,0.321016655,0.037875,0.75,0.219653179,0.162635306,0.466666667,0.746031746,0.134751773,0.291005291,0.294285714,0.296212121,0.525,0,0,0,0,0.75,2,4,1,0,1,3,1,1,1,1,3,1,4,4,3,1,3,1,3,2,3,3,3
16,28,0.121794872,0.363636364,0.118644068,0.28,0.149253731,0.494949495,0.098765432,0.5,0.1,0.40625,0.196721311,0.453703704,0.443064809,0.765464683,0.017989237,1,0.401308485,0.222042139,0.595115681,0.300182007,0.616425644,0.3000048,0.525199861,0.869770269,0.574712644,0.024682615,0.864272649,0,0.75,0.312138728,0.419165806,0.9,0.206349206,0.411347518,0.529100529,0.691428571,0.799916598,0.322018349,0.170168067,0,0,1,0.75,5,4,1,0,1,3,3,1,1,4,1,4,3,3,3,3,3,3,3,3,3,1,1
35,29,0.108974359,0.272727273,0.254237288,0.33,0.104477612,0.343434343,0.037037037,0.210526316,0.39,0.729166667,0.221311475,0.546296296,0.537250151,0.637884323,0.263876313,1,0.399563838,0.546191248,0.332904884,0,0.266684711,0.15998656,1,0.636696244,0.137931034,0.304810433,1,0,0.875,0.104046243,0.117389367,0.4,0.365079365,0.120567376,0.076719577,0.088571429,0.586803519,0.203225807,0,0,1,0,0.875,3,2,1,1,1,3,1,3,1,1,3,3,3,3,1,4,1,1,1,1,2,3,3
25,29,0.108974359,0.272727273,0.355932203,0.49,0.507462687,0.737373737,0.148148148,0.51754386,0.85,0.90625,0.245901639,0.601851852,0.400666263,0.574889444,0.084684377,0.307697101,0,0.578606159,0.667095116,0,0.418026448,0,0.540363226,0.974133949,0.183908046,0,0.96266487,0,1,0.098265896,0.18084595,0.6,0.73015873,0.156028369,0.288359788,0.379285714,0.664721845,0.483582088,0.349789916,0,0,0,1,2,4,1,0,1,3,1,1,1,1,3,1,1,1,3,1,1,1,1,3,3,1,3
33,31,0.102564103,0.318181818,0.271186441,0.36,0.104477612,0.434343434,0.086419753,0.535087719,0.1,0.416666667,0.049180328,0.12962963,0.408843125,0.780776424,0.035670966,0.950548309,0.33445678,0.481361426,0.721079692,0,0.672453793,0.6000096,0.675703858,1,0.264367816,0.403022714,0.913680562,0,0.75,0.080924855,0.119472118,0.566666667,0.682539683,0.085106383,0.283068783,0.365714286,0.640810988,0.323741007,0,0,0.071,0.62962963,0.75,1,4,1,1,1,3,3,3,3,1,3,4,3,1,3,4,3,3,3,3,3,1,3
19,32,0.096153846,0.181818182,0.237288136,0.41,0.149253731,0.525252525,0.172839506,0.605263158,0.05,0.291666667,0.270491803,0.518518519,0.354936402,0.613326109,0.04576749,1,0.421074544,0.578606159,0.790488432,0.342173687,0.580001547,0.4500072,0.310349322,0.868226571,0.224137931,0.3939373,0.458823529,0.15625,1,0.23699422,0.23243876,0.666666667,0.634920635,0.234042553,0.243386243,0.351428571,0.627272727,0.486,0.218487395,0.06,0,0,1,2,4,1,1,1,3,3,3,1,1,3,1,1,1,3,3,3,3,3,3,3,3,3
6,32,0.096153846,0.318181818,0.220338983,0.32,0.208955224,0.565656566,0.172839506,0.596491228,0.22,0.625,0.491803279,0.824074074,0.27195639,0.774623761,0.04504997,1,0.300852498,0.659643436,0.56940874,0.224128965,0.435697162,0.112945807,0.755344108,0.48162149,0.408045977,0.379618274,0.922518533,0.0925875,1,0.433526012,0.403864069,0.133333333,0.650793651,0.425531915,0.330687831,0.277142857,0.68200122,0.446979866,0.077731092,0.052857143,0.222,0,1,5,4,1,1,1,3,3,1,1,3,3,3,3,3,3,2,3,1,1,1,2,3,3
44,34,0.08974359,0.181818182,0.813559322,0.9,0.119402985,0.414141414,0.345679012,0.754385965,0.04,0.260416667,0.385245902,0.768518519,0.18322229,0.609463215,0.021969762,1,0.310368755,0.497568882,0.857326478,0,0.257791354,0,0.521637122,0.879299866,0.091954023,0.431816219,0.881505728,1,0.875,0.023121387,0.057567361,0.8,0.603174603,0.028368794,0.034391534,0.028571429,0,0,0.210084034,1,0,0,0.875,1,2,1,1,1,3,3,3,3,3,3,3,3,1,1,1,4,3,3,3,3,1,3
13,34,0.08974359,0.136363636,0.13559322,0.34,0.119402985,0.484848485,0.086419753,0.49122807,0.1,0.479166667,0.532786885,0.833333333,0.327983041,0.917306112,0.055368583,1,0.230114988,0.578606159,0.749357326,0,0.449617199,0.173474776,0.652111575,0.538519509,0.390804598,0.37013559,0.922980649,0,0.75,0.231213873,0.27864647,0.266666667,0.650793651,0.234042553,0.328042328,0.357142857,0.804639498,0.136551724,0,0,0.032,0.682539683,0.75,1,4,1,1,1,3,3,1,4,4,3,3,2,3,3,3,3,1,3,3,2,3,3
37,34,0.08974359,0.181818182,0.542372881,0.56,0.656716418,0.828282828,0.444444444,0.807017544,0.06,0.229166667,0.754098361,0.935185185,0.133555421,0.607260841,0.008353976,0.792307053,0.469746233,0.740680713,0.93059126,0.722308892,0.290000773,0,0.400634341,0.583918804,0.097701149,0,0.545720612,0,0.875,0.138728324,0.215904912,0.9,0.444444444,0.205673759,0.201058201,0.134285714,0.68429752,0.212727272,0,0,0.32,0,0.875,5,3,1,0,1,3,2,1,1,1,3,3,2,1,3,1,-1,3,3,3,2,3,3
10,37,0.070512821,0.272727273,0.118644068,0.25,0.164179104,0.474747475,0.111111111,0.447368421,0.65,0.84375,0.385245902,0.685185185,0.499697153,0.686021919,0.03334757,0.516989283,0.390642347,0.675850891,0.475578406,0,0.282924754,0.446503144,0.700078206,0.58655646,0.431034483,0.63775801,1,0.0329,1,0.283236994,0.223904531,0.266666667,0.888888889,0.212765957,0.365079365,0.485714286,0.627272727,0.244444444,0.691176471,0,0,0,1,2,4,1,1,1,3,3,3,1,1,3,3,3,3,3,3,3,1,1,3,2,3,3
52,38,0.057692308,0,0.525423729,0.59,0.223880597,0.626262626,0.160493827,0.570175439,0.12,0.53125,0,0,0.30466384,0.717799025,0.041137781,1,0.131760508,0.675850891,0.781491003,0.722308892,0.552393473,0.872749964,0.813303789,0.984976298,0,0.476483289,0.280812554,0,1,0.075144509,0.106724913,0.933333333,0.619047619,0.070921986,0.063492063,0.091428571,0.023232324,1,0.087184874,0,0,0,1,1,2,1,1,1,3,1,3,1,3,3,1,3,3,3,1,3,1,1,3,3,3,3
36,39,0.051282051,0.090909091,0.355932203,0.42,0.089552239,0.373737374,0.061728395,0.394736842,0.18,0.635416667,0.62295082,0.87037037,0.329497274,0.913478177,0.135389083,1,0.533782712,0.578606159,0.857326478,0,0.429626479,0.711131378,0.0674748,0.704643248,0.028735632,0.172726488,1,0.15625,0.625,0.080924855,0.10552122,0.566666667,0,0.113475177,0.092592593,0.054285714,1,0,0.919117647,0,0,0,0.625,4,2,0,1,1,3,1,4,1,1,4,2,2,3,3,4,3,1,1,1,2,1,3
55,39,0.051282051,0.136363636,0.949152542,1,0.71641791,0.868686869,0.444444444,0.780701754,0.31,0.6875,0.37704918,0.657407407,0.106299213,0.45629337,0.134039464,0.877835009,0.264928628,0.25445705,0.505141388,0,0.351519604,0.564729036,0.494264859,0.690288076,0.137931034,1,0,0,0.375,0.23699422,0.136836089,0.4,0.761904762,0.078014184,0.124338624,0.191428571,0.44078624,0.802702702,0,0,0,0,0.375,1,3,1,1,0,3,1,1,1,4,2,4,1,4,1,4,1,1,1,4,3,1,2
57,39,0.051282051,0.181818182,0.881355932,0.86,0.268656716,0.636363636,0.148148148,0.543859649,0.24,0.614583333,0.213114754,0.435185185,0.124470018,0.791333834,0.200871274,1,0.738540841,0.578606159,0.285347044,0,0.351519604,0.63999424,0.71193952,0.679251246,0.034482759,0.727264876,0.819485896,0.15625,0.25,0.01734104,0,0.166666667,0.904761905,0,0,0,0.664171124,0.211764706,0.656512605,0.178571429,0,0,0.25,5,1,1,1,1,3,1,1,1,4,4,4,4,4,1,4,1,3,3,3,3,1,3
30,42,0.044871795,0.136363636,0.813559322,0.86,0.373134328,0.727272727,0.259259259,0.798245614,0.12,0.583333333,0.336065574,0.657407407,0,0.952753841,0.054360639,1,0.33001586,0.25445705,0.551413882,1,0,0.92310277,0.594803615,0.455816215,0.028735632,0.675878746,0.75128526,0,0.625,0.040462428,0.064813862,0.666666667,0.603174603,0.021276596,0.037037037,0.057142857,0,0.4125,0.933823529,0,0,0,0.625,2,2,1,1,1,3,3,1,1,4,3,3,1,1,3,1,3,-1,-1,3,3,3,3
31,43,0.038461538,0.136363636,0.288135593,0.49,0.194029851,0.515151515,0.135802469,0.526315789,0.47,0.78125,0.016393443,0.064814815,0.417928528,0.580185629,0.062697531,0.505483094,0.621292625,0.059967585,0.354755784,0,0.460327894,1,0.692301008,0.994505895,0.293103448,0.902893169,0.80123231,0.0245125,1,0.416184971,0.232785136,0.4,0.682539683,0.219858156,0.288359788,0.488571429,0.409647495,0.385714285,0.040966387,0,0.176,0.518518519,1,1,4,1,0,1,2,1,1,1,1,3,3,1,1,3,1,1,1,3,3,3,1,3
39,44,0.032051282,0.454545455,0.610169492,0.7,0.402985075,0.656565657,0.271604938,0.605263158,0.35,0.8125,0.278688525,0.648148148,0.366444579,0.263777945,0.157358845,1,0.258267248,0.539708266,0.771208226,0,0.368262315,0,0.813303789,0.733499453,0.022988506,0.150202954,0.60063541,0.1388875,0.625,0.040462428,0.070960813,0.366666667,0.80952381,0.070921986,0.063492063,0.022857143,0.501818182,0.719999999,0,0.158571429,0,0,0.625,2,2,0,1,1,3,1,1,1,1,1,1,3,-1,3,-1,1,1,-1,2,2,1,2
42,44,0.032051282,0.181818182,0.779661017,0.82,0.746268657,0.95959596,0.320987654,0.728070175,0.36,0.729166667,0.450819672,0.740740741,0.038461538,0.87012987,0.045203724,0.480767633,0.684952419,0.358055105,0.471722365,0.684217369,0.719395252,0.342869486,0.700078206,0.325075969,0.172413793,0.179929182,0.251198614,0,0.625,0.184971098,0.238944096,0.633333333,0.428571429,0.226950355,0.137566138,0.18,0.604040404,0.133333333,0.066176471,0,0.375,0,0.625,5,3,1,0,1,3,1,1,4,4,3,3,2,4,3,1,1,3,1,3,3,3,3
49,46,0.025641026,0.045454545,0.576271186,0.69,0.447761194,0.676767677,0.530864198,0.780701754,0,0.21875,0.581967213,0.87037037,0.245003028,0.387547849,0.012231998,0.826929467,0.598770817,0.416531605,1,0,0,0.685738972,0.219499479,0.741169321,0,0.454547025,0.694194666,0,0.875,0.01734104,0.045885472,0.5,-1,0.021276596,0.018518519,0.074285714,0.774866311,0.476470587,0.095588235,0,0,0,0.875,5,2,1,1,1,3,1,1,1,4,3,3,1,3,3,1,3,3,3,3,2,3,3
46,47,0.019230769,0.181818182,0.576271186,0.63,0.52238806,0.727272727,0.24691358,0.649122807,0.23,0.666666667,0.172131148,0.37962963,0.190187765,0.570642009,0.150337405,0.755649248,0.139314036,0.416531605,0.719794344,0.565262611,0.618668316,0.137138194,0.80000869,0.729305944,0.057471264,0,0.779301049,0,0.625,0.052023121,0.127213278,0.733333333,0.587301587,0.09929078,0.148148148,0.231428571,0.794545454,0.32,0,0,0.087,0,0.625,3,3,1,1,1,3,3,1,1,4,3,2,1,4,2,4,2,1,1,3,2,1,3
47,48,0.012820513,0.045454545,0.169491525,0.32,0.119402985,0.464646465,0.111111111,0.51754386,0,0,0.56557377,0.851851852,0.439127801,0.640418801,0.053318527,1,0.818655829,0.578606159,0.857326478,0.928627145,0.257791354,0.48000768,0,0.83928528,0.149425287,0.107954055,0.730932897,0.1136375,0.75,0,0.051571028,0.433333333,0.857142857,0.028368794,0.021164021,0.054285714,0.657142858,0.685714285,0,0,0,0,0.75,1,2,1,1,1,2,3,1,1,1,1,2,4,4,3,1,2,3,3,3,2,1,2
50,48,0.012820513,0.045454545,0.610169492,0.68,0.52238806,0.737373737,0.518518519,0.842105263,0.23,0.604166667,0.139344262,0.324074074,0.056632344,0.579468983,0.045528316,0.653838166,0.359040444,0.25445705,0.673521851,0.722308892,0.351519604,0.423558777,0.704770594,0.806551598,0.120689655,0.996493652,0.614903244,0,0.75,0.50867052,0.320447515,0.4,0.682539683,0.234042553,0.193121693,0.342857143,0.59876033,0.593181819,0,0,0,0.097883598,0.75,3,3,1,0,1,3,1,1,1,1,3,4,1,4,3,3,3,1,1,3,3,1,3
32,50,0,0.045454545,0.474576271,0.58,0.537313433,0.737373737,0.592592593,0.859649123,0.13,0.46875,0.081967213,0.175925926,0.033010297,0.597087973,0.039412317,1,0.628588422,0.578606159,0.485861183,0.838793552,0.580001547,0.744827917,0.658063956,0.776163851,0.235632184,0.863632438,0.51092712,0.06945,0.875,0.369942197,0.256994531,-1,-1,0.205673759,0.349206349,0.337142857,0.43322433,0.517985611,0.116596639,0,0,0,0.875,4,4,1,0,1,3,3,1,2,4,3,3,1,1,3,1,3,3,3,1,2,1,3
43,50,0,0,0.06779661,0.15,0.089552239,0.414141414,0.061728395,0.359649123,0.17,0.614583333,0.803278689,0.935185185,0.191096305,0.841708762,0.308037926,1,0.247085646,0.740680713,0.642673522,0.5,0.594888253,0.221523544,0.200816823,0.541363802,0.281609195,0.394800933,0.891056128,0,1,0.10982659,0.140637864,0,0.841269841,0.113475177,0.224867725,0.285714286,0.92496148,0.137288135,0.031512605,0,0,0,1,3,4,1,1,1,3,3,3,3,1,3,3,3,3,3,1,3,3,3,3,3,3,3
